This is XeTeX, Version 3.141592653-2.6-0.999994 (TeX Live 2022) (preloaded format=xelatex 2026.5.14)  27 JUL 2026 19:45
entering extended mode
 restricted \write18 enabled.
 %&-line parsing enabled.
**main.tex
(./main.tex
LaTeX2e <2021-11-15> patch level 1
L3 programming layer <2022-02-24>
(c:/texlive/2022/texmf-dist/tex/latex/extsizes/extbook.cls
Document Class: extbook 1999/01/07 v1.4a NON-Standard LaTeX document class
(c:/texlive/2022/texmf-dist/tex/latex/extsizes/size14.clo
File: size14.clo 1999/11/11 v1.4a NON-Standard LaTeX file (size option)
)
(c:/texlive/2022/texmf-dist/tex/latex/base/exscale.sty
Package: exscale 2018/09/24 v2.1i Standard LaTeX package exscale
LaTeX Font Info:    Redeclaring symbol font `largesymbols' on input line 57.
LaTeX Font Info:    Overwriting symbol font `largesymbols' in version `normal'
(Font)                  OMX/cmex/m/n --> OMX/cmex/m/n on input line 57.
LaTeX Font Info:    Overwriting symbol font `largesymbols' in version `bold'
(Font)                  OMX/cmex/m/n --> OMX/cmex/m/n on input line 57.
\big@size=\dimen138
)
\c@part=\count181
\c@chapter=\count182
\c@section=\count183
\c@subsection=\count184
\c@subsubsection=\count185
\c@paragraph=\count186
\c@subparagraph=\count187
\c@figure=\count188
\c@table=\count189
\abovecaptionskip=\skip47
\belowcaptionskip=\skip48
\bibindent=\dimen139
) (./config.tex
(c:/texlive/2022/texmf-dist/tex/latex/geometry/geometry.sty
Package: geometry 2020/01/02 v5.9 Page Geometry

(c:/texlive/2022/texmf-dist/tex/latex/graphics/keyval.sty
Package: keyval 2014/10/28 v1.15 key=value parser (DPC)
\KV@toks@=\toks16
)
(c:/texlive/2022/texmf-dist/tex/generic/iftex/ifvtex.sty
Package: ifvtex 2019/10/25 v1.7 ifvtex legacy package. Use iftex instead.

(c:/texlive/2022/texmf-dist/tex/generic/iftex/iftex.sty
Package: iftex 2022/02/03 v1.0f TeX engine tests
))
\Gm@cnth=\count190
\Gm@cntv=\count191
\c@Gm@tempcnt=\count192
\Gm@bindingoffset=\dimen140
\Gm@wd@mp=\dimen141
\Gm@odd@mp=\dimen142
\Gm@even@mp=\dimen143
\Gm@layoutwidth=\dimen144
\Gm@layoutheight=\dimen145
\Gm@layouthoffset=\dimen146
\Gm@layoutvoffset=\dimen147
\Gm@dimlist=\toks17
)
(c:/texlive/2022/texmf-dist/tex/latex/graphics/graphicx.sty
Package: graphicx 2021/09/16 v1.2d Enhanced LaTeX Graphics (DPC,SPQR)

(c:/texlive/2022/texmf-dist/tex/latex/graphics/graphics.sty
Package: graphics 2021/03/04 v1.4d Standard LaTeX Graphics (DPC,SPQR)

(c:/texlive/2022/texmf-dist/tex/latex/graphics/trig.sty
Package: trig 2021/08/11 v1.11 sin cos tan (DPC)
)
(c:/texlive/2022/texmf-dist/tex/latex/graphics-cfg/graphics.cfg
File: graphics.cfg 2016/06/04 v1.11 sample graphics configuration
)
Package graphics Info: Driver file: xetex.def on input line 107.

(c:/texlive/2022/texmf-dist/tex/latex/graphics-def/xetex.def
File: xetex.def 2021/03/18 v5.0k Graphics/color driver for xetex
))
\Gin@req@height=\dimen148
\Gin@req@width=\dimen149
)
(c:/texlive/2022/texmf-dist/tex/latex/pgf/frontendlayer/tikz.sty
(c:/texlive/2022/texmf-dist/tex/latex/pgf/basiclayer/pgf.sty
(c:/texlive/2022/texmf-dist/tex/latex/pgf/utilities/pgfrcs.sty
(c:/texlive/2022/texmf-dist/tex/generic/pgf/utilities/pgfutil-common.tex
\pgfutil@everybye=\toks18
\pgfutil@tempdima=\dimen150
\pgfutil@tempdimb=\dimen151

(c:/texlive/2022/texmf-dist/tex/generic/pgf/utilities/pgfutil-common-lists.tex)
) (c:/texlive/2022/texmf-dist/tex/generic/pgf/utilities/pgfutil-latex.def
\pgfutil@abb=\box50
)
(c:/texlive/2022/texmf-dist/tex/generic/pgf/utilities/pgfrcs.code.tex
(c:/texlive/2022/texmf-dist/tex/generic/pgf/pgf.revision.tex)
Package: pgfrcs 2021/05/15 v3.1.9a (3.1.9a)
))
Package: pgf 2021/05/15 v3.1.9a (3.1.9a)

(c:/texlive/2022/texmf-dist/tex/latex/pgf/basiclayer/pgfcore.sty
(c:/texlive/2022/texmf-dist/tex/latex/pgf/systemlayer/pgfsys.sty
(c:/texlive/2022/texmf-dist/tex/generic/pgf/systemlayer/pgfsys.code.tex
Package: pgfsys 2021/05/15 v3.1.9a (3.1.9a)

(c:/texlive/2022/texmf-dist/tex/generic/pgf/utilities/pgfkeys.code.tex
\pgfkeys@pathtoks=\toks19
\pgfkeys@temptoks=\toks20

(c:/texlive/2022/texmf-dist/tex/generic/pgf/utilities/pgfkeysfiltered.code.tex
\pgfkeys@tmptoks=\toks21
))
\pgf@x=\dimen152
\pgf@y=\dimen153
\pgf@xa=\dimen154
\pgf@ya=\dimen155
\pgf@xb=\dimen156
\pgf@yb=\dimen157
\pgf@xc=\dimen158
\pgf@yc=\dimen159
\pgf@xd=\dimen160
\pgf@yd=\dimen161
\w@pgf@writea=\write3
\r@pgf@reada=\read2
\c@pgf@counta=\count193
\c@pgf@countb=\count194
\c@pgf@countc=\count195
\c@pgf@countd=\count196
\t@pgf@toka=\toks22
\t@pgf@tokb=\toks23
\t@pgf@tokc=\toks24
\pgf@sys@id@count=\count197
 (c:/texlive/2022/texmf-dist/tex/generic/pgf/systemlayer/pgf.cfg
File: pgf.cfg 2021/05/15 v3.1.9a (3.1.9a)
)
Driver file for pgf: pgfsys-xetex.def

(c:/texlive/2022/texmf-dist/tex/generic/pgf/systemlayer/pgfsys-xetex.def
File: pgfsys-xetex.def 2021/05/15 v3.1.9a (3.1.9a)

(c:/texlive/2022/texmf-dist/tex/generic/pgf/systemlayer/pgfsys-dvipdfmx.def
File: pgfsys-dvipdfmx.def 2021/05/15 v3.1.9a (3.1.9a)

(c:/texlive/2022/texmf-dist/tex/generic/pgf/systemlayer/pgfsys-common-pdf.def
File: pgfsys-common-pdf.def 2021/05/15 v3.1.9a (3.1.9a)
)
\pgfsys@objnum=\count198
)))
(c:/texlive/2022/texmf-dist/tex/generic/pgf/systemlayer/pgfsyssoftpath.code.tex
File: pgfsyssoftpath.code.tex 2021/05/15 v3.1.9a (3.1.9a)
\pgfsyssoftpath@smallbuffer@items=\count199
\pgfsyssoftpath@bigbuffer@items=\count266
)
(c:/texlive/2022/texmf-dist/tex/generic/pgf/systemlayer/pgfsysprotocol.code.tex
File: pgfsysprotocol.code.tex 2021/05/15 v3.1.9a (3.1.9a)
)) (c:/texlive/2022/texmf-dist/tex/latex/xcolor/xcolor.sty
Package: xcolor 2021/10/31 v2.13 LaTeX color extensions (UK)

(c:/texlive/2022/texmf-dist/tex/latex/graphics-cfg/color.cfg
File: color.cfg 2016/01/02 v1.6 sample color configuration
)
Package xcolor Info: Driver file: xetex.def on input line 227.
Package xcolor Info: Model `cmy' substituted by `cmy0' on input line 1352.
Package xcolor Info: Model `RGB' extended on input line 1368.
Package xcolor Info: Model `HTML' substituted by `rgb' on input line 1370.
Package xcolor Info: Model `Hsb' substituted by `hsb' on input line 1371.
Package xcolor Info: Model `tHsb' substituted by `hsb' on input line 1372.
Package xcolor Info: Model `HSB' substituted by `hsb' on input line 1373.
Package xcolor Info: Model `Gray' substituted by `gray' on input line 1374.
Package xcolor Info: Model `wave' substituted by `hsb' on input line 1375.
)
(c:/texlive/2022/texmf-dist/tex/generic/pgf/basiclayer/pgfcore.code.tex
Package: pgfcore 2021/05/15 v3.1.9a (3.1.9a)

(c:/texlive/2022/texmf-dist/tex/generic/pgf/math/pgfmath.code.tex
(c:/texlive/2022/texmf-dist/tex/generic/pgf/math/pgfmathcalc.code.tex
(c:/texlive/2022/texmf-dist/tex/generic/pgf/math/pgfmathutil.code.tex)
(c:/texlive/2022/texmf-dist/tex/generic/pgf/math/pgfmathparser.code.tex
\pgfmath@dimen=\dimen162
\pgfmath@count=\count267
\pgfmath@box=\box51
\pgfmath@toks=\toks25
\pgfmath@stack@operand=\toks26
\pgfmath@stack@operation=\toks27
)
(c:/texlive/2022/texmf-dist/tex/generic/pgf/math/pgfmathfunctions.code.tex
(c:/texlive/2022/texmf-dist/tex/generic/pgf/math/pgfmathfunctions.basic.code.te
x)
(c:/texlive/2022/texmf-dist/tex/generic/pgf/math/pgfmathfunctions.trigonometric
.code.tex)
(c:/texlive/2022/texmf-dist/tex/generic/pgf/math/pgfmathfunctions.random.code.t
ex)
(c:/texlive/2022/texmf-dist/tex/generic/pgf/math/pgfmathfunctions.comparison.co
de.tex)
(c:/texlive/2022/texmf-dist/tex/generic/pgf/math/pgfmathfunctions.base.code.tex
)
(c:/texlive/2022/texmf-dist/tex/generic/pgf/math/pgfmathfunctions.round.code.te
x)
(c:/texlive/2022/texmf-dist/tex/generic/pgf/math/pgfmathfunctions.misc.code.tex
)
(c:/texlive/2022/texmf-dist/tex/generic/pgf/math/pgfmathfunctions.integerarithm
etics.code.tex)))
(c:/texlive/2022/texmf-dist/tex/generic/pgf/math/pgfmathfloat.code.tex
\c@pgfmathroundto@lastzeros=\count268
))
(c:/texlive/2022/texmf-dist/tex/generic/pgf/math/pgfint.code.tex)
(c:/texlive/2022/texmf-dist/tex/generic/pgf/basiclayer/pgfcorepoints.code.tex
File: pgfcorepoints.code.tex 2021/05/15 v3.1.9a (3.1.9a)
\pgf@picminx=\dimen163
\pgf@picmaxx=\dimen164
\pgf@picminy=\dimen165
\pgf@picmaxy=\dimen166
\pgf@pathminx=\dimen167
\pgf@pathmaxx=\dimen168
\pgf@pathminy=\dimen169
\pgf@pathmaxy=\dimen170
\pgf@xx=\dimen171
\pgf@xy=\dimen172
\pgf@yx=\dimen173
\pgf@yy=\dimen174
\pgf@zx=\dimen175
\pgf@zy=\dimen176
)
(c:/texlive/2022/texmf-dist/tex/generic/pgf/basiclayer/pgfcorepathconstruct.cod
e.tex
File: pgfcorepathconstruct.code.tex 2021/05/15 v3.1.9a (3.1.9a)
\pgf@path@lastx=\dimen177
\pgf@path@lasty=\dimen178
)
(c:/texlive/2022/texmf-dist/tex/generic/pgf/basiclayer/pgfcorepathusage.code.te
x
File: pgfcorepathusage.code.tex 2021/05/15 v3.1.9a (3.1.9a)
\pgf@shorten@end@additional=\dimen179
\pgf@shorten@start@additional=\dimen180
)
(c:/texlive/2022/texmf-dist/tex/generic/pgf/basiclayer/pgfcorescopes.code.tex
File: pgfcorescopes.code.tex 2021/05/15 v3.1.9a (3.1.9a)
\pgfpic=\box52
\pgf@hbox=\box53
\pgf@layerbox@main=\box54
\pgf@picture@serial@count=\count269
)
(c:/texlive/2022/texmf-dist/tex/generic/pgf/basiclayer/pgfcoregraphicstate.code
.tex
File: pgfcoregraphicstate.code.tex 2021/05/15 v3.1.9a (3.1.9a)
\pgflinewidth=\dimen181
)
(c:/texlive/2022/texmf-dist/tex/generic/pgf/basiclayer/pgfcoretransformations.c
ode.tex
File: pgfcoretransformations.code.tex 2021/05/15 v3.1.9a (3.1.9a)
\pgf@pt@x=\dimen182
\pgf@pt@y=\dimen183
\pgf@pt@temp=\dimen184
)
(c:/texlive/2022/texmf-dist/tex/generic/pgf/basiclayer/pgfcorequick.code.tex
File: pgfcorequick.code.tex 2021/05/15 v3.1.9a (3.1.9a)
)
(c:/texlive/2022/texmf-dist/tex/generic/pgf/basiclayer/pgfcoreobjects.code.tex
File: pgfcoreobjects.code.tex 2021/05/15 v3.1.9a (3.1.9a)
)
(c:/texlive/2022/texmf-dist/tex/generic/pgf/basiclayer/pgfcorepathprocessing.co
de.tex
File: pgfcorepathprocessing.code.tex 2021/05/15 v3.1.9a (3.1.9a)
)
(c:/texlive/2022/texmf-dist/tex/generic/pgf/basiclayer/pgfcorearrows.code.tex
File: pgfcorearrows.code.tex 2021/05/15 v3.1.9a (3.1.9a)
\pgfarrowsep=\dimen185
)
(c:/texlive/2022/texmf-dist/tex/generic/pgf/basiclayer/pgfcoreshade.code.tex
File: pgfcoreshade.code.tex 2021/05/15 v3.1.9a (3.1.9a)
\pgf@max=\dimen186
\pgf@sys@shading@range@num=\count270
\pgf@shadingcount=\count271
)
(c:/texlive/2022/texmf-dist/tex/generic/pgf/basiclayer/pgfcoreimage.code.tex
File: pgfcoreimage.code.tex 2021/05/15 v3.1.9a (3.1.9a)

(c:/texlive/2022/texmf-dist/tex/generic/pgf/basiclayer/pgfcoreexternal.code.tex
File: pgfcoreexternal.code.tex 2021/05/15 v3.1.9a (3.1.9a)
\pgfexternal@startupbox=\box55
))
(c:/texlive/2022/texmf-dist/tex/generic/pgf/basiclayer/pgfcorelayers.code.tex
File: pgfcorelayers.code.tex 2021/05/15 v3.1.9a (3.1.9a)
)
(c:/texlive/2022/texmf-dist/tex/generic/pgf/basiclayer/pgfcoretransparency.code
.tex
File: pgfcoretransparency.code.tex 2021/05/15 v3.1.9a (3.1.9a)
)
(c:/texlive/2022/texmf-dist/tex/generic/pgf/basiclayer/pgfcorepatterns.code.tex
File: pgfcorepatterns.code.tex 2021/05/15 v3.1.9a (3.1.9a)
) (c:/texlive/2022/texmf-dist/tex/generic/pgf/basiclayer/pgfcorerdf.code.tex
File: pgfcorerdf.code.tex 2021/05/15 v3.1.9a (3.1.9a)
))) (c:/texlive/2022/texmf-dist/tex/generic/pgf/modules/pgfmoduleshapes.code.te
x
File: pgfmoduleshapes.code.tex 2021/05/15 v3.1.9a (3.1.9a)
\pgfnodeparttextbox=\box56
)
(c:/texlive/2022/texmf-dist/tex/generic/pgf/modules/pgfmoduleplot.code.tex
File: pgfmoduleplot.code.tex 2021/05/15 v3.1.9a (3.1.9a)
)
(c:/texlive/2022/texmf-dist/tex/latex/pgf/compatibility/pgfcomp-version-0-65.st
y
Package: pgfcomp-version-0-65 2021/05/15 v3.1.9a (3.1.9a)
\pgf@nodesepstart=\dimen187
\pgf@nodesepend=\dimen188
)
(c:/texlive/2022/texmf-dist/tex/latex/pgf/compatibility/pgfcomp-version-1-18.st
y
Package: pgfcomp-version-1-18 2021/05/15 v3.1.9a (3.1.9a)
)) (c:/texlive/2022/texmf-dist/tex/latex/pgf/utilities/pgffor.sty
(c:/texlive/2022/texmf-dist/tex/latex/pgf/utilities/pgfkeys.sty
(c:/texlive/2022/texmf-dist/tex/generic/pgf/utilities/pgfkeys.code.tex))
(c:/texlive/2022/texmf-dist/tex/latex/pgf/math/pgfmath.sty
(c:/texlive/2022/texmf-dist/tex/generic/pgf/math/pgfmath.code.tex))
(c:/texlive/2022/texmf-dist/tex/generic/pgf/utilities/pgffor.code.tex
Package: pgffor 2021/05/15 v3.1.9a (3.1.9a)

(c:/texlive/2022/texmf-dist/tex/generic/pgf/math/pgfmath.code.tex)
\pgffor@iter=\dimen189
\pgffor@skip=\dimen190
\pgffor@stack=\toks28
\pgffor@toks=\toks29
))
(c:/texlive/2022/texmf-dist/tex/generic/pgf/frontendlayer/tikz/tikz.code.tex
Package: tikz 2021/05/15 v3.1.9a (3.1.9a)

(c:/texlive/2022/texmf-dist/tex/generic/pgf/libraries/pgflibraryplothandlers.co
de.tex
File: pgflibraryplothandlers.code.tex 2021/05/15 v3.1.9a (3.1.9a)
\pgf@plot@mark@count=\count272
\pgfplotmarksize=\dimen191
)
\tikz@lastx=\dimen192
\tikz@lasty=\dimen193
\tikz@lastxsaved=\dimen194
\tikz@lastysaved=\dimen195
\tikz@lastmovetox=\dimen196
\tikz@lastmovetoy=\dimen197
\tikzleveldistance=\dimen198
\tikzsiblingdistance=\dimen199
\tikz@figbox=\box57
\tikz@figbox@bg=\box58
\tikz@tempbox=\box59
\tikz@tempbox@bg=\box60
\tikztreelevel=\count273
\tikznumberofchildren=\count274
\tikznumberofcurrentchild=\count275
\tikz@fig@count=\count276

(c:/texlive/2022/texmf-dist/tex/generic/pgf/modules/pgfmodulematrix.code.tex
File: pgfmodulematrix.code.tex 2021/05/15 v3.1.9a (3.1.9a)
\pgfmatrixcurrentrow=\count277
\pgfmatrixcurrentcolumn=\count278
\pgf@matrix@numberofcolumns=\count279
)
\tikz@expandcount=\count280

(c:/texlive/2022/texmf-dist/tex/generic/pgf/frontendlayer/tikz/libraries/tikzli
brarytopaths.code.tex
File: tikzlibrarytopaths.code.tex 2021/05/15 v3.1.9a (3.1.9a)
)))
(c:/texlive/2022/texmf-dist/tex/latex/pgfplots/pgfplots.sty
(c:/texlive/2022/texmf-dist/tex/generic/pgfplots/pgfplots.revision.tex)
Package: pgfplots 2021/05/15 v1.18.1 Data Visualization (1.18.1)

(c:/texlive/2022/texmf-dist/tex/generic/pgfplots/pgfplots.code.tex
(c:/texlive/2022/texmf-dist/tex/generic/pgfplots/pgfplotscore.code.tex
\t@pgfplots@toka=\toks30
\t@pgfplots@tokb=\toks31
\t@pgfplots@tokc=\toks32
\pgfplots@tmpa=\dimen256
\c@pgfplots@coordindex=\count281
\c@pgfplots@scanlineindex=\count282

(c:/texlive/2022/texmf-dist/tex/generic/pgfplots/sys/pgfplotssysgeneric.code.te
x))
(c:/texlive/2022/texmf-dist/tex/generic/pgfplots/libs/pgfplotslibrary.code.tex)

(c:/texlive/2022/texmf-dist/tex/generic/pgfplots/oldpgfcompatib/pgfplotsoldpgfs
upp_loader.code.tex
(c:/texlive/2022/texmf-dist/tex/generic/pgf/libraries/pgflibraryfpu.code.tex))
(c:/texlive/2022/texmf-dist/tex/generic/pgfplots/util/pgfplotsutil.code.tex
(c:/texlive/2022/texmf-dist/tex/generic/pgfplots/liststructure/pgfplotsliststru
cture.code.tex)
(c:/texlive/2022/texmf-dist/tex/generic/pgfplots/liststructure/pgfplotsliststru
ctureext.code.tex)
(c:/texlive/2022/texmf-dist/tex/generic/pgfplots/liststructure/pgfplotsarray.co
de.tex
\c@pgfplotsarray@tmp=\count283
)
(c:/texlive/2022/texmf-dist/tex/generic/pgfplots/liststructure/pgfplotsmatrix.c
ode.tex)
(c:/texlive/2022/texmf-dist/tex/generic/pgfplots/numtable/pgfplotstableshared.c
ode.tex
\c@pgfplotstable@counta=\count284
\t@pgfplotstable@a=\toks33
)
(c:/texlive/2022/texmf-dist/tex/generic/pgfplots/liststructure/pgfplotsdeque.co
de.tex)
(c:/texlive/2022/texmf-dist/tex/generic/pgfplots/util/pgfplotsbinary.code.tex
(c:/texlive/2022/texmf-dist/tex/generic/pgfplots/util/pgfplotsbinary.data.code.
tex))
(c:/texlive/2022/texmf-dist/tex/generic/pgfplots/util/pgfplotsutil.verb.code.te
x)
(c:/texlive/2022/texmf-dist/tex/generic/pgfplots/libs/pgflibrarypgfplots.surfsh
ading.code.tex
\c@pgfplotslibrarysurf@no=\count285

(c:/texlive/2022/texmf-dist/tex/generic/pgfplots/sys/pgflibrarypgfplots.surfsha
ding.pgfsys-xetex.def
(c:/texlive/2022/texmf-dist/tex/generic/pgfplots/sys/pgflibrarypgfplots.surfsha
ding.pgfsys-dvipdfmx.def
\c@pgfplotslibrarysurf@streamlen=\count286
))))
(c:/texlive/2022/texmf-dist/tex/generic/pgfplots/util/pgfplotscolormap.code.tex
(c:/texlive/2022/texmf-dist/tex/generic/pgfplots/util/pgfplotscolor.code.tex))
(c:/texlive/2022/texmf-dist/tex/generic/pgfplots/pgfplotsstackedplots.code.tex)
(c:/texlive/2022/texmf-dist/tex/generic/pgfplots/pgfplotsplothandlers.code.tex
(c:/texlive/2022/texmf-dist/tex/generic/pgfplots/pgfplotsmeshplothandler.code.t
ex
(c:/texlive/2022/texmf-dist/tex/generic/pgfplots/pgfplotsmeshplotimage.code.tex
))) (c:/texlive/2022/texmf-dist/tex/generic/pgfplots/pgfplots.scaling.code.tex)

(c:/texlive/2022/texmf-dist/tex/generic/pgfplots/pgfplotscoordprocessing.code.t
ex)
(c:/texlive/2022/texmf-dist/tex/generic/pgfplots/pgfplots.errorbars.code.tex)
(c:/texlive/2022/texmf-dist/tex/generic/pgfplots/pgfplots.markers.code.tex)
(c:/texlive/2022/texmf-dist/tex/generic/pgfplots/pgfplotsticks.code.tex)
(c:/texlive/2022/texmf-dist/tex/generic/pgfplots/pgfplots.paths.code.tex)
(c:/texlive/2022/texmf-dist/tex/generic/pgf/frontendlayer/tikz/libraries/tikzli
brarydecorations.code.tex
(c:/texlive/2022/texmf-dist/tex/generic/pgf/modules/pgfmoduledecorations.code.t
ex
\pgfdecoratedcompleteddistance=\dimen257
\pgfdecoratedremainingdistance=\dimen258
\pgfdecoratedinputsegmentcompleteddistance=\dimen259
\pgfdecoratedinputsegmentremainingdistance=\dimen260
\pgf@decorate@distancetomove=\dimen261
\pgf@decorate@repeatstate=\count287
\pgfdecorationsegmentamplitude=\dimen262
\pgfdecorationsegmentlength=\dimen263
)
\tikz@lib@dec@box=\box61
)
(c:/texlive/2022/texmf-dist/tex/generic/pgf/frontendlayer/tikz/libraries/tikzli
brarydecorations.pathmorphing.code.tex
(c:/texlive/2022/texmf-dist/tex/generic/pgf/libraries/decorations/pgflibrarydec
orations.pathmorphing.code.tex))
(c:/texlive/2022/texmf-dist/tex/generic/pgf/frontendlayer/tikz/libraries/tikzli
brarydecorations.pathreplacing.code.tex
(c:/texlive/2022/texmf-dist/tex/generic/pgf/libraries/decorations/pgflibrarydec
orations.pathreplacing.code.tex))
(c:/texlive/2022/texmf-dist/tex/generic/pgfplots/libs/tikzlibrarypgfplots.conto
urlua.code.tex)
\pgfplots@numplots=\count288
\pgfplots@xmin@reg=\dimen264
\pgfplots@xmax@reg=\dimen265
\pgfplots@ymin@reg=\dimen266
\pgfplots@ymax@reg=\dimen267
\pgfplots@zmin@reg=\dimen268
\pgfplots@zmax@reg=\dimen269
)
(c:/texlive/2022/texmf-dist/tex/generic/pgf/frontendlayer/tikz/libraries/tikzli
braryplotmarks.code.tex
File: tikzlibraryplotmarks.code.tex 2021/05/15 v3.1.9a (3.1.9a)

(c:/texlive/2022/texmf-dist/tex/generic/pgf/libraries/pgflibraryplotmarks.code.
tex
File: pgflibraryplotmarks.code.tex 2021/05/15 v3.1.9a (3.1.9a)
)))
(c:/texlive/2022/texmf-dist/tex/generic/pgf/libraries/pgflibraryarrows.meta.cod
e.tex
File: pgflibraryarrows.meta.code.tex 2021/05/15 v3.1.9a (3.1.9a)
\pgfarrowinset=\dimen270
\pgfarrowlength=\dimen271
\pgfarrowwidth=\dimen272
\pgfarrowlinewidth=\dimen273
)
(c:/texlive/2022/texmf-dist/tex/generic/pgf/frontendlayer/tikz/libraries/tikzli
brarypositioning.code.tex
File: tikzlibrarypositioning.code.tex 2021/05/15 v3.1.9a (3.1.9a)
)
(c:/texlive/2022/texmf-dist/tex/generic/pgf/frontendlayer/tikz/libraries/tikzli
brarycalc.code.tex
File: tikzlibrarycalc.code.tex 2021/05/15 v3.1.9a (3.1.9a)
) (c:/texlive/2022/texmf-dist/tex/latex/amsmath/amsmath.sty
Package: amsmath 2021/10/15 v2.17l AMS math features
\@mathmargin=\skip49

For additional information on amsmath, use the `?' option.
(c:/texlive/2022/texmf-dist/tex/latex/amsmath/amstext.sty
Package: amstext 2021/08/26 v2.01 AMS text

(c:/texlive/2022/texmf-dist/tex/latex/amsmath/amsgen.sty
File: amsgen.sty 1999/11/30 v2.0 generic functions
\@emptytoks=\toks34
\ex@=\dimen274
))
(c:/texlive/2022/texmf-dist/tex/latex/amsmath/amsbsy.sty
Package: amsbsy 1999/11/29 v1.2d Bold Symbols
\pmbraise@=\dimen275
)
(c:/texlive/2022/texmf-dist/tex/latex/amsmath/amsopn.sty
Package: amsopn 2021/08/26 v2.02 operator names
)
\inf@bad=\count289
LaTeX Info: Redefining \frac on input line 234.
\uproot@=\count290
\leftroot@=\count291
LaTeX Info: Redefining \overline on input line 399.
\classnum@=\count292
\DOTSCASE@=\count293
LaTeX Info: Redefining \ldots on input line 496.
LaTeX Info: Redefining \dots on input line 499.
LaTeX Info: Redefining \cdots on input line 620.
\Mathstrutbox@=\box62
\strutbox@=\box63
\big@size=\dimen276
LaTeX Font Info:    Redeclaring font encoding OML on input line 743.
LaTeX Font Info:    Redeclaring font encoding OMS on input line 744.
\macc@depth=\count294
\c@MaxMatrixCols=\count295
\dotsspace@=\muskip16
\c@parentequation=\count296
\dspbrk@lvl=\count297
\tag@help=\toks35
\row@=\count298
\column@=\count299
\maxfields@=\count300
\andhelp@=\toks36
\eqnshift@=\dimen277
\alignsep@=\dimen278
\tagshift@=\dimen279
\tagwidth@=\dimen280
\totwidth@=\dimen281
\lineht@=\dimen282
\@envbody=\toks37
\multlinegap=\skip50
\multlinetaggap=\skip51
\mathdisplay@stack=\toks38
LaTeX Info: Redefining \[ on input line 2938.
LaTeX Info: Redefining \] on input line 2939.
)
(c:/texlive/2022/texmf-dist/tex/latex/amsfonts/amssymb.sty
Package: amssymb 2013/01/14 v3.01 AMS font symbols

(c:/texlive/2022/texmf-dist/tex/latex/amsfonts/amsfonts.sty
Package: amsfonts 2013/01/14 v3.01 Basic AMSFonts support
\symAMSa=\mathgroup4
\symAMSb=\mathgroup5
LaTeX Font Info:    Redeclaring math symbol \hbar on input line 98.
LaTeX Font Info:    Overwriting math alphabet `\mathfrak' in version `bold'
(Font)                  U/euf/m/n --> U/euf/b/n on input line 106.
))
(c:/texlive/2022/texmf-dist/tex/latex/booktabs/booktabs.sty
Package: booktabs 2020/01/12 v1.61803398 Publication quality tables
\heavyrulewidth=\dimen283
\lightrulewidth=\dimen284
\cmidrulewidth=\dimen285
\belowrulesep=\dimen286
\belowbottomsep=\dimen287
\aboverulesep=\dimen288
\abovetopsep=\dimen289
\cmidrulesep=\dimen290
\cmidrulekern=\dimen291
\defaultaddspace=\dimen292
\@cmidla=\count301
\@cmidlb=\count302
\@aboverulesep=\dimen293
\@belowrulesep=\dimen294
\@thisruleclass=\count303
\@lastruleclass=\count304
\@thisrulewidth=\dimen295
)
(c:/texlive/2022/texmf-dist/tex/latex/tools/tabularx.sty
Package: tabularx 2020/01/15 v2.11c `tabularx' package (DPC)

(c:/texlive/2022/texmf-dist/tex/latex/tools/array.sty
Package: array 2021/10/04 v2.5f Tabular extension package (FMi)
\col@sep=\dimen296
\ar@mcellbox=\box64
\extrarowheight=\dimen297
\NC@list=\toks39
\extratabsurround=\skip52
\backup@length=\skip53
\ar@cellbox=\box65
)
\TX@col@width=\dimen298
\TX@old@table=\dimen299
\TX@old@col=\dimen300
\TX@target=\dimen301
\TX@delta=\dimen302
\TX@cols=\count305
\TX@ftn=\toks40
)
(c:/texlive/2022/texmf-dist/tex/latex/multirow/multirow.sty
Package: multirow 2021/03/15 v2.8 Span multiple rows of a table
\multirow@colwidth=\skip54
\multirow@cntb=\count306
\multirow@dima=\skip55
\bigstrutjot=\dimen303
)
(c:/texlive/2022/texmf-dist/tex/latex/tools/longtable.sty
Package: longtable 2021-09-01 v4.17 Multi-page Table package (DPC)
\LTleft=\skip56
\LTright=\skip57
\LTpre=\skip58
\LTpost=\skip59
\LTchunksize=\count307
\LTcapwidth=\dimen304
\LT@head=\box66
\LT@firsthead=\box67
\LT@foot=\box68
\LT@lastfoot=\box69
\LT@gbox=\box70
\LT@cols=\count308
\LT@rows=\count309
\c@LT@tables=\count310
\c@LT@chunks=\count311
\LT@p@ftn=\toks41
)
(c:/texlive/2022/texmf-dist/tex/latex/pdflscape/pdflscape.sty
Package: pdflscape 2019/12/05 v0.12 Display of landscape pages in PDF (HO)

(c:/texlive/2022/texmf-dist/tex/latex/graphics/lscape.sty
Package: lscape 2020/05/28 v3.02 Landscape Pages (DPC)
)
Package pdflscape Info: Auto-detected driver: dvipdfm (xetex) on input line 98.


(c:/texlive/2022/texmf-dist/tex/latex/base/atbegshi-ltx.sty
Package: atbegshi-ltx 2021/01/10 v1.0c Emulation of the original atbegshi
package with kernel methods
))
(c:/texlive/2022/texmf-dist/tex/latex/float/float.sty
Package: float 2001/11/08 v1.3d Float enhancements (AL)
\c@float@type=\count312
\float@exts=\toks42
\float@box=\box71
\@float@everytoks=\toks43
\@floatcapt=\box72
)
(c:/texlive/2022/texmf-dist/tex/latex/xltabular/xltabular.sty
Package: xltabular 2020/11/04 v0.2e `xltabular' package (hv,RN)

(c:/texlive/2022/texmf-dist/tex/latex/ltablex/ltablex.sty
Package: ltablex 2014/08/13 v1.1 Modified tabularx
))
(c:/texlive/2022/texmf-dist/tex/latex/enumitem/enumitem.sty
Package: enumitem 2019/06/20 v3.9 Customized lists
\labelindent=\skip60
\enit@outerparindent=\dimen305
\enit@toks=\toks44
\enit@inbox=\box73
\enit@count@id=\count313
\enitdp@description=\count314
)
(c:/texlive/2022/texmf-dist/tex/latex/setspace/setspace.sty
Package: setspace 2011/12/19 v6.7a set line spacing
)
(c:/texlive/2022/texmf-dist/tex/latex/caption/caption.sty
Package: caption 2022/03/01 v3.6b Customizing captions (AR)

(c:/texlive/2022/texmf-dist/tex/latex/caption/caption3.sty
Package: caption3 2022/03/17 v2.3b caption3 kernel (AR)
\caption@tempdima=\dimen306
\captionmargin=\dimen307
\caption@leftmargin=\dimen308
\caption@rightmargin=\dimen309
\caption@width=\dimen310
\caption@indent=\dimen311
\caption@parindent=\dimen312
\caption@hangindent=\dimen313
Package caption Info: Standard document class detected.
)
\c@caption@flags=\count315
\c@continuedfloat=\count316
Package caption Info: float package is loaded.
Package caption Info: longtable package is loaded.

(c:/texlive/2022/texmf-dist/tex/latex/caption/ltcaption.sty
Package: ltcaption 2021/01/08 v1.4c longtable captions (AR)
))
(c:/texlive/2022/texmf-dist/tex/latex/titlesec/titlesec.sty
Package: titlesec 2021/07/05 v2.14 Sectioning titles
\ttl@box=\box74
\beforetitleunit=\skip61
\aftertitleunit=\skip62
\ttl@plus=\dimen314
\ttl@minus=\dimen315
\ttl@toksa=\toks45
\titlewidth=\dimen316
\titlewidthlast=\dimen317
\titlewidthfirst=\dimen318
)
(c:/texlive/2022/texmf-dist/tex/generic/ulem/ulem.sty
\UL@box=\box75
\UL@hyphenbox=\box76
\UL@skip=\skip63
\UL@hook=\toks46
\UL@height=\dimen319
\UL@pe=\count317
\UL@pixel=\dimen320
\ULC@box=\box77
Package: ulem 2019/11/18
\ULdepth=\dimen321
)
(c:/texlive/2022/texmf-dist/tex/latex/makecell/makecell.sty
Package: makecell 2009/08/03 V0.1e Managing of Tab Column Heads and Cells
\rotheadsize=\dimen322
\c@nlinenum=\count318
\TeXr@lab=\toks47
)
(c:/texlive/2022/texmf-dist/tex/latex/diagbox/diagbox.sty
Package: diagbox 2020/02/09 v2.3 Making table heads with diagonal lines

(c:/texlive/2022/texmf-dist/tex/latex/pict2e/pict2e.sty
Package: pict2e 2020/09/30 v0.4b Improved picture commands (HjG,RN,JT)

(c:/texlive/2022/texmf-dist/tex/latex/pict2e/pict2e.cfg
File: pict2e.cfg 2016/02/05 v0.1u pict2e configuration for teTeX/TeXLive
)
Package pict2e Info: Driver file: xetex.def on input line 112.
Package pict2e Info: Driver file for pict2e: p2e-xetex.def on input line 114.

(c:/texlive/2022/texmf-dist/tex/latex/pict2e/p2e-xetex.def
File: p2e-xetex.def 2016/02/05 v0.1u Driver-dependant file (RN,HjG,JT)
)
\pIIe@GRAPH=\toks48
\@arclen=\dimen323
\@arcrad=\dimen324
\pIIe@tempdima=\dimen325
\pIIe@tempdimb=\dimen326
\pIIe@tempdimc=\dimen327
\pIIe@tempdimd=\dimen328
\pIIe@tempdime=\dimen329
\pIIe@tempdimf=\dimen330
)
(c:/texlive/2022/texmf-dist/tex/latex/tools/calc.sty
Package: calc 2017/05/25 v4.3 Infix arithmetic (KKT,FJ)
\calc@Acount=\count319
\calc@Bcount=\count320
\calc@Adimen=\dimen331
\calc@Bdimen=\dimen332
\calc@Askip=\skip64
\calc@Bskip=\skip65
LaTeX Info: Redefining \setlength on input line 80.
LaTeX Info: Redefining \addtolength on input line 81.
\calc@Ccount=\count321
\calc@Cskip=\skip66
)
\diagbox@boxa=\box78
\diagbox@boxb=\box79
\diagbox@boxm=\box80
\diagbox@wd=\dimen333
\diagbox@ht=\dimen334
\diagbox@insepl=\dimen335
\diagbox@insepr=\dimen336
\diagbox@outsepl=\dimen337
\diagbox@outsepr=\dimen338
)
(c:/texlive/2022/texmf-dist/tex/latex/psnfss/pifont.sty
Package: pifont 2020/03/25 PSNFSS-v9.3 Pi font support (SPQR) 
LaTeX Font Info:    Trying to load font information for U+pzd on input line 63.


(c:/texlive/2022/texmf-dist/tex/latex/psnfss/upzd.fd
File: upzd.fd 2001/06/04 font definitions for U/pzd.
)
LaTeX Font Info:    Trying to load font information for U+psy on input line 64.


(c:/texlive/2022/texmf-dist/tex/latex/psnfss/upsy.fd
File: upsy.fd 2001/06/04 font definitions for U/psy.
))
(c:/texlive/2022/texmf-dist/tex/latex/tools/indentfirst.sty
Package: indentfirst 1995/11/23 v1.03 Indent first paragraph (DPC)
)
(c:/texlive/2022/texmf-dist/tex/latex/fontsetup/fontsetup.sty
Package: fontsetup Easy font setup by Antonis Tsolomitis

fontsetup: Easy font setup by Antonis Tsolomitis
(c:/texlive/2022/texmf-dist/tex/latex/fontspec/fontspec.sty
(c:/texlive/2022/texmf-dist/tex/latex/l3packages/xparse/xparse.sty
(c:/texlive/2022/texmf-dist/tex/latex/l3kernel/expl3.sty
Package: expl3 2022-02-24 L3 programming layer (loader) 

(c:/texlive/2022/texmf-dist/tex/latex/l3backend/l3backend-xetex.def
File: l3backend-xetex.def 2022-02-07 L3 backend support: XeTeX

(|extractbb --version)
\c__kernel_sys_dvipdfmx_version_int=\count322
\l__color_backend_stack_int=\count323
\g__color_backend_stack_int=\count324
\g__graphics_track_int=\count325
\l__pdf_internal_box=\box81
\g__pdf_backend_object_int=\count326
\g__pdf_backend_annotation_int=\count327
\g__pdf_backend_link_int=\count328
))
Package: xparse 2022-01-12 L3 Experimental document command parser
)
Package: fontspec 2022/01/15 v2.8a Font selection for XeLaTeX and LuaLaTeX

(c:/texlive/2022/texmf-dist/tex/latex/fontspec/fontspec-xetex.sty
Package: fontspec-xetex 2022/01/15 v2.8a Font selection for XeLaTeX and LuaLaTe
X
\l__fontspec_script_int=\count329
\l__fontspec_language_int=\count330
\l__fontspec_strnum_int=\count331
\l__fontspec_tmp_int=\count332
\l__fontspec_tmpa_int=\count333
\l__fontspec_tmpb_int=\count334
\l__fontspec_tmpc_int=\count335
\l__fontspec_em_int=\count336
\l__fontspec_emdef_int=\count337
\l__fontspec_strong_int=\count338
\l__fontspec_strongdef_int=\count339
\l__fontspec_tmpa_dim=\dimen339
\l__fontspec_tmpb_dim=\dimen340
\l__fontspec_tmpc_dim=\dimen341

(c:/texlive/2022/texmf-dist/tex/latex/base/fontenc.sty
Package: fontenc 2021/04/29 v2.0v Standard LaTeX package
)
(c:/texlive/2022/texmf-dist/tex/latex/fontspec/fontspec.cfg)))
(c:/texlive/2022/texmf-dist/tex/latex/base/ifthen.sty
Package: ifthen 2020/11/24 v1.1c Standard LaTeX ifthen package (DPC)
)
(c:/texlive/2022/texmf-dist/tex/latex/fontsetup/fspdefault.sty
(c:/texlive/2022/texmf-dist/tex/latex/unicode-math/unicode-math.sty
Package: unicode-math 2020/01/31 v0.8q Unicode maths in XeLaTeX and LuaLaTeX

(c:/texlive/2022/texmf-dist/tex/latex/unicode-math/unicode-math-xetex.sty
Package: unicode-math-xetex 2020/01/31 v0.8q Unicode maths in XeLaTeX and LuaLa
TeX

(c:/texlive/2022/texmf-dist/tex/latex/l3packages/l3keys2e/l3keys2e.sty
Package: l3keys2e 2022-01-12 LaTeX2e option processing using LaTeX3 keys
)
(c:/texlive/2022/texmf-dist/tex/latex/base/fix-cm.sty
Package: fix-cm 2020/11/24 v1.1t fixes to LaTeX

(c:/texlive/2022/texmf-dist/tex/latex/base/ts1enc.def
File: ts1enc.def 2001/06/05 v3.0e (jk/car/fm) Standard LaTeX file
LaTeX Font Info:    Redeclaring font encoding TS1 on input line 47.
))
\g__um_fam_int=\count340
\g__um_fonts_used_int=\count341
\l__um_primecount_int=\count342
\g__um_primekern_muskip=\muskip17

(c:/texlive/2022/texmf-dist/tex/latex/unicode-math/unicode-math-table.tex)))
(c:/texlive/2022/texmf-dist/tex/latex/newcomputermodern/NewCM10-Book.fontspec)

Package fontspec Info: Font family 'NewCM10-Book.otf(0)' created for font
(fontspec)             'NewCM10-Book.otf' with options
(fontspec)             [Ligatures=TeX,Extension = .otf,SizeFeatures={{Size=-8,
(fontspec)             Font=NewCM08-Book,
(fontspec)             ItalicFont=NewCM08-BookItalic,BoldFont=NewCM10-Bold,Bold
ItalicFont=NewCM10-BoldItalic,SlantedFont=NewCM08-Book,BoldSlantedFont=NewCM10-
Bold,SmallCapsFeatures={Numbers=OldStyle}},
(fontspec)             {Size=8, Font=NewCM08-Book,
(fontspec)             ItalicFont=NewCM08-BookItalic,BoldFont=NewCM10-Bold,Bold
ItalicFont=NewCM10-BoldItalic,SlantedFont=NewCM08-Book,BoldSlantedFont=NewCM10-
Bold,SmallCapsFeatures={Numbers=OldStyle}},
(fontspec)             {Size= 9-, Font = NewCM10-Book,
(fontspec)             ItalicFont=NewCM10-BookItalic,BoldFont=NewCM10-Bold,Bold
ItalicFont=NewCM10-BoldItalic,SlantedFont=NewCM10-Book,BoldSlantedFont=NewCM10-
Bold,SmallCapsFeatures={Numbers=OldStyle}}},SizeFeatures={{Size=-8,
(fontspec)             Font=NewCM08-Book.otf,
(fontspec)             ItalicFont=NewCM08-BookItalic.otf,BoldFont=NewCM10-Bold.
otf,BoldItalicFont=NewCM10-BoldItalic.otf,SlantedFont=NewCM08-Book.otf,BoldSlan
tedFont=NewCM10-Bold.otf,SmallCapsFeatures={Numbers=OldStyle}},
(fontspec)             {Size=8, Font=NewCM08-Book.otf,
(fontspec)             ItalicFont=NewCM08-BookItalic.otf,BoldFont=NewCM10-Bold.
otf,BoldItalicFont=NewCM10-BoldItalic.otf,SlantedFont=NewCM08-Book.otf,BoldSlan
tedFont=NewCM10-Bold.otf,SmallCapsFeatures={Numbers=OldStyle}},
(fontspec)             {Size= 9-, Font = NewCM10-Book.otf,
(fontspec)             ItalicFont=NewCM10-BookItalic.otf,BoldFont=NewCM10-Bold.
otf,BoldItalicFont=NewCM10-BoldItalic.otf,SlantedFont=NewCM10-Book.otf,BoldSlan
tedFont=NewCM10-Bold.otf,SmallCapsFeatures={Numbers=OldStyle}}},SmallCapsFeatur
es={Numbers=OldStyle},BoldSlantedFont=NewCM10-Bold.otf,SlantedFont=NewCM10-Book
.otf,BoldItalicFont=NewCM10-BoldItalic.otf,BoldFont=NewCM10-Bold.otf,ItalicFont
=NewCM10-BookItalic.otf,SlantedFeatures={FakeSlant=0.25},BoldSlantedFeatures={F
akeSlant=0.25}].
(fontspec)              
(fontspec)              This font family consists of the following NFSS
(fontspec)             series/shapes:
(fontspec)              
(fontspec)             - 'normal' (m/n) with NFSS spec.:
(fontspec)             <-8>"[NewCM08-Book.otf]/OT:script=latn;language=dflt;map
ping=tex-text;"<8>"[NewCM08-Book.otf]/OT:script=latn;language=dflt;mapping=tex-
text;"<9->"[NewCM10-Book.otf]/OT:script=latn;language=dflt;mapping=tex-text;"
(fontspec)             - 'small caps'  (m/sc) with NFSS spec.:
(fontspec)             <-8>"[NewCM08-Book.otf]/OT:script=latn;language=dflt;+sm
cp;+onum;mapping=tex-text;"<8>"[NewCM08-Book.otf]/OT:script=latn;language=dflt;
+smcp;+onum;mapping=tex-text;"<9->"[NewCM10-Book.otf]/OT:script=latn;language=d
flt;+smcp;+onum;mapping=tex-text;"
(fontspec)             - 'bold' (b/n) with NFSS spec.:
(fontspec)             <->"[NewCM10-Bold.otf]/OT:script=latn;language=dflt;mapp
ing=tex-text;"
(fontspec)             - 'bold small caps'  (b/sc) with NFSS spec.:
(fontspec)             <->"[NewCM10-Bold.otf]/OT:script=latn;language=dflt;+smc
p;+onum;mapping=tex-text;"
(fontspec)             - 'italic' (m/it) with NFSS spec.:
(fontspec)             <->"[NewCM10-BookItalic.otf]/OT:script=latn;language=dfl
t;mapping=tex-text;"
(fontspec)             - 'italic small caps'  (m/scit) with NFSS spec.:
(fontspec)             <->"[NewCM10-BookItalic.otf]/OT:script=latn;language=dfl
t;+smcp;+onum;mapping=tex-text;"
(fontspec)             - 'slanted' (m/sl) with NFSS spec.:
(fontspec)             <->"[NewCM10-Book.otf]/OT:script=latn;language=dflt;slan
t=0.25;mapping=tex-text;"
(fontspec)             - 'slanted small caps'  (m/scsl) with NFSS spec.:
(fontspec)             <->"[NewCM10-Book.otf]/OT:script=latn;language=dflt;slan
t=0.25;+smcp;+onum;mapping=tex-text;"
(fontspec)             - 'bold italic' (b/it) with NFSS spec.:
(fontspec)             <->"[NewCM10-BoldItalic.otf]/OT:script=latn;language=dfl
t;mapping=tex-text;"
(fontspec)             - 'bold italic small caps'  (b/scit) with NFSS spec.:
(fontspec)             <->"[NewCM10-BoldItalic.otf]/OT:script=latn;language=dfl
t;+smcp;+onum;mapping=tex-text;"
(fontspec)             - 'bold slanted' (b/sl) with NFSS spec.:
(fontspec)             <->"[NewCM10-Bold.otf]/OT:script=latn;language=dflt;slan
t=0.25;mapping=tex-text;"
(fontspec)             - 'bold slanted small caps'  (b/scsl) with NFSS spec.:
(fontspec)             <->"[NewCM10-Bold.otf]/OT:script=latn;language=dflt;slan
t=0.25;+smcp;+onum;mapping=tex-text;"


Package fontspec Info: Font family 'NewCM10-Book.otf(1)' created for font
(fontspec)             'NewCM10-Book.otf' with options [Extension =
(fontspec)             .otf,SizeFeatures={{Size=-8, Font=NewCM08-Book,
(fontspec)             ItalicFont=NewCM08-BookItalic,BoldFont=NewCM10-Bold,Bold
ItalicFont=NewCM10-BoldItalic,SlantedFont=NewCM08-Book,BoldSlantedFont=NewCM10-
Bold,SmallCapsFeatures={Numbers=OldStyle}},
(fontspec)             {Size=8, Font=NewCM08-Book,
(fontspec)             ItalicFont=NewCM08-BookItalic,BoldFont=NewCM10-Bold,Bold
ItalicFont=NewCM10-BoldItalic,SlantedFont=NewCM08-Book,BoldSlantedFont=NewCM10-
Bold,SmallCapsFeatures={Numbers=OldStyle}},
(fontspec)             {Size= 9-, Font = NewCM10-Book,
(fontspec)             ItalicFont=NewCM10-BookItalic,BoldFont=NewCM10-Bold,Bold
ItalicFont=NewCM10-BoldItalic,SlantedFont=NewCM10-Book,BoldSlantedFont=NewCM10-
Bold,SmallCapsFeatures={Numbers=OldStyle}}},SizeFeatures={{Size=-8,
(fontspec)             Font=NewCM08-Book.otf,
(fontspec)             ItalicFont=NewCM08-BookItalic.otf,BoldFont=NewCM10-Bold.
otf,BoldItalicFont=NewCM10-BoldItalic.otf,SlantedFont=NewCM08-Book.otf,BoldSlan
tedFont=NewCM10-Bold.otf,SmallCapsFeatures={Numbers=OldStyle}},
(fontspec)             {Size=8, Font=NewCM08-Book.otf,
(fontspec)             ItalicFont=NewCM08-BookItalic.otf,BoldFont=NewCM10-Bold.
otf,BoldItalicFont=NewCM10-BoldItalic.otf,SlantedFont=NewCM08-Book.otf,BoldSlan
tedFont=NewCM10-Bold.otf,SmallCapsFeatures={Numbers=OldStyle}},
(fontspec)             {Size= 9-, Font = NewCM10-Book.otf,
(fontspec)             ItalicFont=NewCM10-BookItalic.otf,BoldFont=NewCM10-Bold.
otf,BoldItalicFont=NewCM10-BoldItalic.otf,SlantedFont=NewCM10-Book.otf,BoldSlan
tedFont=NewCM10-Bold.otf,SmallCapsFeatures={Numbers=OldStyle}}},SmallCapsFeatur
es={Numbers=OldStyle},BoldSlantedFont=NewCM10-Bold.otf,SlantedFont=NewCM10-Book
.otf,BoldItalicFont=NewCM10-BoldItalic.otf,BoldFont=NewCM10-Bold.otf,ItalicFont
=NewCM10-BookItalic.otf,SlantedFeatures={FakeSlant=0.25},BoldSlantedFeatures={F
akeSlant=0.25}].
(fontspec)              
(fontspec)              This font family consists of the following NFSS
(fontspec)             series/shapes:
(fontspec)              
(fontspec)             - 'normal' (m/n) with NFSS spec.:
(fontspec)             <-8>"[NewCM08-Book.otf]/OT:script=latn;language=dflt;"<8
>"[NewCM08-Book.otf]/OT:script=latn;language=dflt;"<9->"[NewCM10-Book.otf]/OT:s
cript=latn;language=dflt;"
(fontspec)             - 'small caps'  (m/sc) with NFSS spec.:
(fontspec)             <-8>"[NewCM08-Book.otf]/OT:script=latn;language=dflt;+sm
cp;+onum;"<8>"[NewCM08-Book.otf]/OT:script=latn;language=dflt;+smcp;+onum;"<9->
"[NewCM10-Book.otf]/OT:script=latn;language=dflt;+smcp;+onum;"
(fontspec)             - 'bold' (b/n) with NFSS spec.:
(fontspec)             <->"[NewCM10-Bold.otf]/OT:script=latn;language=dflt;"
(fontspec)             - 'bold small caps'  (b/sc) with NFSS spec.:
(fontspec)             <->"[NewCM10-Bold.otf]/OT:script=latn;language=dflt;+smc
p;+onum;"
(fontspec)             - 'italic' (m/it) with NFSS spec.:
(fontspec)             <->"[NewCM10-BookItalic.otf]/OT:script=latn;language=dfl
t;"
(fontspec)             - 'italic small caps'  (m/scit) with NFSS spec.:
(fontspec)             <->"[NewCM10-BookItalic.otf]/OT:script=latn;language=dfl
t;+smcp;+onum;"
(fontspec)             - 'slanted' (m/sl) with NFSS spec.:
(fontspec)             <->"[NewCM10-Book.otf]/OT:script=latn;language=dflt;slan
t=0.25;"
(fontspec)             - 'slanted small caps'  (m/scsl) with NFSS spec.:
(fontspec)             <->"[NewCM10-Book.otf]/OT:script=latn;language=dflt;slan
t=0.25;+smcp;+onum;"
(fontspec)             - 'bold italic' (b/it) with NFSS spec.:
(fontspec)             <->"[NewCM10-BoldItalic.otf]/OT:script=latn;language=dfl
t;"
(fontspec)             - 'bold italic small caps'  (b/scit) with NFSS spec.:
(fontspec)             <->"[NewCM10-BoldItalic.otf]/OT:script=latn;language=dfl
t;+smcp;+onum;"
(fontspec)             - 'bold slanted' (b/sl) with NFSS spec.:
(fontspec)             <->"[NewCM10-Bold.otf]/OT:script=latn;language=dflt;slan
t=0.25;"
(fontspec)             - 'bold slanted small caps'  (b/scsl) with NFSS spec.:
(fontspec)             <->"[NewCM10-Bold.otf]/OT:script=latn;language=dflt;slan
t=0.25;+smcp;+onum;"

LaTeX Font Info:    Overwriting math alphabet `\mathrm' in version `normal'
(Font)                  OT1/cmr/m/n --> TU/NewCM10-Book.otf(1)/m/n on input lin
e 37.
LaTeX Font Info:    Overwriting math alphabet `\mathit' in version `normal'
(Font)                  OT1/cmr/m/it --> TU/NewCM10-Book.otf(1)/m/it on input l
ine 37.
LaTeX Font Info:    Overwriting math alphabet `\mathbf' in version `normal'
(Font)                  OT1/cmr/bx/n --> TU/NewCM10-Book.otf(1)/b/n on input li
ne 37.

(c:/texlive/2022/texmf-dist/tex/latex/newcomputermodern/NewCMSans10-Book.fontsp
ec)

Package fontspec Info: Font family 'NewCMSans10-Book.otf(0)' created for font
(fontspec)             'NewCMSans10-Book.otf' with options
(fontspec)             [Ligatures=TeX,Extension = .otf,SizeFeatures={{Size=
(fontspec)             -8,
(fontspec)             Font=NewCMSans08-Book,ItalicFont=NewCMSans08-BookOblique
,BoldFont=NewCMSans10-Bold,BoldItalicFont=NewCMSans10-BoldOblique,SmallCapsFeat
ures={Numbers=OldStyle}},
(fontspec)             {Size= 8,
(fontspec)             Font=NewCMSans08-Book,ItalicFont=NewCMSans08-BookOblique
,BoldFont=NewCMSans10-Bold,BoldItalicFont=NewCMSans10-BoldOblique,SmallCapsFeat
ures={Numbers=OldStyle}},
(fontspec)             {Size= 9-,
(fontspec)             Font=NewCMSans10-Book,ItalicFont=NewCMSans10-BookOblique
,BoldFont=NewCMSans10-Bold,BoldItalicFont=NewCMSans10-BoldOblique,SmallCapsFeat
ures={Numbers=OldStyle}}
(fontspec)             },SizeFeatures={{Size= -8,
(fontspec)             Font=NewCMSans08-Book.otf,ItalicFont=NewCMSans08-BookObl
ique.otf,BoldFont=NewCMSans10-Bold.otf,BoldItalicFont=NewCMSans10-BoldOblique.o
tf,SmallCapsFeatures={Numbers=OldStyle},},
(fontspec)             {Size= 8,
(fontspec)             Font=NewCMSans08-Book.otf,ItalicFont=NewCMSans08-BookObl
ique.otf,BoldFont=NewCMSans10-Bold.otf,BoldItalicFont=NewCMSans10-BoldOblique.o
tf,SmallCapsFeatures={Numbers=OldStyle},},
(fontspec)             {Size= 9-,
(fontspec)             Font=NewCMSans10-Book.otf,ItalicFont=NewCMSans10-BookObl
ique.otf,BoldFont=NewCMSans10-Bold.otf,BoldItalicFont=NewCMSans10-BoldOblique.o
tf,SmallCapsFeatures={Numbers=OldStyle},}},ItalicFont=NewCMSans10-BookOblique.o
tf,BoldFont=NewCMSans10-Bold.otf,BoldItalicFont=NewCMSans10-BoldOblique.otf,Sma
llCapsFeatures={Numbers=OldStyle},SlantedFont=NewCMSans10-BookOblique.otf,BoldS
lantedFont=NewCMSans10-BoldOblique.otf].
(fontspec)              
(fontspec)              This font family consists of the following NFSS
(fontspec)             series/shapes:
(fontspec)              
(fontspec)             - 'normal' (m/n) with NFSS spec.:
(fontspec)             <-8>"[NewCMSans08-Book.otf]/OT:script=latn;language=dflt
;mapping=tex-text;"<8>"[NewCMSans08-Book.otf]/OT:script=latn;language=dflt;mapp
ing=tex-text;"<9->"[NewCMSans10-Book.otf]/OT:script=latn;language=dflt;mapping=
tex-text;"
(fontspec)             - 'small caps'  (m/sc) with NFSS spec.:
(fontspec)             <-8>"[NewCMSans08-Book.otf]/OT:script=latn;language=dflt
;+smcp;+onum;mapping=tex-text;"<8>"[NewCMSans08-Book.otf]/OT:script=latn;langua
ge=dflt;+smcp;+onum;mapping=tex-text;"<9->"[NewCMSans10-Book.otf]/OT:script=lat
n;language=dflt;+smcp;+onum;mapping=tex-text;"
(fontspec)             - 'bold' (b/n) with NFSS spec.:
(fontspec)             <->"[NewCMSans10-Bold.otf]/OT:script=latn;language=dflt;
mapping=tex-text;"
(fontspec)             - 'bold small caps'  (b/sc) with NFSS spec.:
(fontspec)             <->"[NewCMSans10-Bold.otf]/OT:script=latn;language=dflt;
+smcp;+onum;mapping=tex-text;"
(fontspec)             - 'italic' (m/it) with NFSS spec.:
(fontspec)             <->"[NewCMSans10-BookOblique.otf]/OT:script=latn;languag
e=dflt;mapping=tex-text;"
(fontspec)             - 'italic small caps'  (m/scit) with NFSS spec.: 
(fontspec)             - 'slanted' (m/sl) with NFSS spec.:
(fontspec)             <->"[NewCMSans10-BookOblique.otf]/OT:script=latn;languag
e=dflt;mapping=tex-text;"
(fontspec)             - 'slanted small caps'  (m/scsl) with NFSS spec.: 
(fontspec)             - 'bold italic' (b/it) with NFSS spec.:
(fontspec)             <->"[NewCMSans10-BoldOblique.otf]/OT:script=latn;languag
e=dflt;mapping=tex-text;"
(fontspec)             - 'bold italic small caps'  (b/scit) with NFSS spec.:
(fontspec)             <->"[NewCMSans10-BoldOblique.otf]/OT:script=latn;languag
e=dflt;+smcp;+onum;mapping=tex-text;"
(fontspec)             - 'bold slanted' (b/sl) with NFSS spec.:
(fontspec)             <->"[NewCMSans10-BoldOblique.otf]/OT:script=latn;languag
e=dflt;mapping=tex-text;"
(fontspec)             - 'bold slanted small caps'  (b/scsl) with NFSS spec.:
(fontspec)             <->"[NewCMSans10-BoldOblique.otf]/OT:script=latn;languag
e=dflt;+smcp;+onum;mapping=tex-text;"


Package fontspec Info: Font family 'NewCMSans10-Book.otf(1)' created for font
(fontspec)             'NewCMSans10-Book.otf' with options [Extension =
(fontspec)             .otf,SizeFeatures={{Size= -8,
(fontspec)             Font=NewCMSans08-Book,ItalicFont=NewCMSans08-BookOblique
,BoldFont=NewCMSans10-Bold,BoldItalicFont=NewCMSans10-BoldOblique,SmallCapsFeat
ures={Numbers=OldStyle}},
(fontspec)             {Size= 8,
(fontspec)             Font=NewCMSans08-Book,ItalicFont=NewCMSans08-BookOblique
,BoldFont=NewCMSans10-Bold,BoldItalicFont=NewCMSans10-BoldOblique,SmallCapsFeat
ures={Numbers=OldStyle}},
(fontspec)             {Size= 9-,
(fontspec)             Font=NewCMSans10-Book,ItalicFont=NewCMSans10-BookOblique
,BoldFont=NewCMSans10-Bold,BoldItalicFont=NewCMSans10-BoldOblique,SmallCapsFeat
ures={Numbers=OldStyle}}
(fontspec)             },SizeFeatures={{Size= -8,
(fontspec)             Font=NewCMSans08-Book.otf,ItalicFont=NewCMSans08-BookObl
ique.otf,BoldFont=NewCMSans10-Bold.otf,BoldItalicFont=NewCMSans10-BoldOblique.o
tf,SmallCapsFeatures={Numbers=OldStyle},},
(fontspec)             {Size= 8,
(fontspec)             Font=NewCMSans08-Book.otf,ItalicFont=NewCMSans08-BookObl
ique.otf,BoldFont=NewCMSans10-Bold.otf,BoldItalicFont=NewCMSans10-BoldOblique.o
tf,SmallCapsFeatures={Numbers=OldStyle},},
(fontspec)             {Size= 9-,
(fontspec)             Font=NewCMSans10-Book.otf,ItalicFont=NewCMSans10-BookObl
ique.otf,BoldFont=NewCMSans10-Bold.otf,BoldItalicFont=NewCMSans10-BoldOblique.o
tf,SmallCapsFeatures={Numbers=OldStyle},}},ItalicFont=NewCMSans10-BookOblique.o
tf,BoldFont=NewCMSans10-Bold.otf,BoldItalicFont=NewCMSans10-BoldOblique.otf,Sma
llCapsFeatures={Numbers=OldStyle},SlantedFont=NewCMSans10-BookOblique.otf,BoldS
lantedFont=NewCMSans10-BoldOblique.otf].
(fontspec)              
(fontspec)              This font family consists of the following NFSS
(fontspec)             series/shapes:
(fontspec)              
(fontspec)             - 'normal' (m/n) with NFSS spec.:
(fontspec)             <-8>"[NewCMSans08-Book.otf]/OT:script=latn;language=dflt
;"<8>"[NewCMSans08-Book.otf]/OT:script=latn;language=dflt;"<9->"[NewCMSans10-Bo
ok.otf]/OT:script=latn;language=dflt;"
(fontspec)             - 'small caps'  (m/sc) with NFSS spec.:
(fontspec)             <-8>"[NewCMSans08-Book.otf]/OT:script=latn;language=dflt
;+smcp;+onum;"<8>"[NewCMSans08-Book.otf]/OT:script=latn;language=dflt;+smcp;+on
um;"<9->"[NewCMSans10-Book.otf]/OT:script=latn;language=dflt;+smcp;+onum;"
(fontspec)             - 'bold' (b/n) with NFSS spec.:
(fontspec)             <->"[NewCMSans10-Bold.otf]/OT:script=latn;language=dflt;
"
(fontspec)             - 'bold small caps'  (b/sc) with NFSS spec.:
(fontspec)             <->"[NewCMSans10-Bold.otf]/OT:script=latn;language=dflt;
+smcp;+onum;"
(fontspec)             - 'italic' (m/it) with NFSS spec.:
(fontspec)             <->"[NewCMSans10-BookOblique.otf]/OT:script=latn;languag
e=dflt;"
(fontspec)             - 'italic small caps'  (m/scit) with NFSS spec.: 
(fontspec)             - 'slanted' (m/sl) with NFSS spec.:
(fontspec)             <->"[NewCMSans10-BookOblique.otf]/OT:script=latn;languag
e=dflt;"
(fontspec)             - 'slanted small caps'  (m/scsl) with NFSS spec.: 
(fontspec)             - 'bold italic' (b/it) with NFSS spec.:
(fontspec)             <->"[NewCMSans10-BoldOblique.otf]/OT:script=latn;languag
e=dflt;"
(fontspec)             - 'bold italic small caps'  (b/scit) with NFSS spec.:
(fontspec)             <->"[NewCMSans10-BoldOblique.otf]/OT:script=latn;languag
e=dflt;+smcp;+onum;"
(fontspec)             - 'bold slanted' (b/sl) with NFSS spec.:
(fontspec)             <->"[NewCMSans10-BoldOblique.otf]/OT:script=latn;languag
e=dflt;"
(fontspec)             - 'bold slanted small caps'  (b/scsl) with NFSS spec.:
(fontspec)             <->"[NewCMSans10-BoldOblique.otf]/OT:script=latn;languag
e=dflt;+smcp;+onum;"

LaTeX Font Info:    Overwriting math alphabet `\mathsf' in version `normal'
(Font)                  OT1/cmss/m/n --> TU/NewCMSans10-Book.otf(1)/m/n on inpu
t line 65.
LaTeX Font Info:    Overwriting math alphabet `\mathsf' in version `bold'
(Font)                  OT1/cmss/bx/n --> TU/NewCMSans10-Book.otf(1)/b/n on inp
ut line 65.

(c:/texlive/2022/texmf-dist/tex/latex/newcomputermodern/NewCMMono10-Book.fontsp
ec)

Package fontspec Info: Font family 'NewCMMono10-Book.otf(0)' created for font
(fontspec)             'NewCMMono10-Book.otf' with options
(fontspec)             [WordSpace={1,0,0},HyphenChar=None,PunctuationSpace=Word
Space,Extension
(fontspec)             = .otf,UprightFont = NewCMMono10-Book,BoldFont =
(fontspec)             NewCMMono10-Bold,ItalicFont =
(fontspec)             NewCMMono10-BookItalic,BoldItalicFont =
(fontspec)             NewCMMono10-BoldOblique,ItalicFont=NewCMMono10-BookItali
c.otf,BoldFont=NewCMMono10-Bold.otf,BoldItalicFont=NewCMMono10-BoldOblique.otf,
SlantedFont=NewCMMono10-Book.otf,SlantedFeatures={FakeSlant=0.25},BoldSlantedFo
nt=NewCMMono10-Bold.otf,BoldSlantedFeatures={FakeSlant=0.25},SmallCapsFeatures=
{Numbers=OldStyle}].
(fontspec)              
(fontspec)              This font family consists of the following NFSS
(fontspec)             series/shapes:
(fontspec)              
(fontspec)             - 'normal' (m/n) with NFSS spec.:
(fontspec)             <->"[NewCMMono10-Book.otf]/OT:script=latn;language=dflt;
"
(fontspec)             - 'small caps'  (m/sc) with NFSS spec.:
(fontspec)             <->"[NewCMMono10-Book.otf]/OT:script=latn;language=dflt;
+smcp;+onum;"
(fontspec)             and font adjustment code:
(fontspec)             \fontdimen 2\font =1\fontdimen 2\font \fontdimen 3\font
(fontspec)             =0\fontdimen 3\font \fontdimen 4\font =0\fontdimen
(fontspec)             4\font \fontdimen 7\font =0\fontdimen 2\font
(fontspec)             \tex_hyphenchar:D \font =-1\scan_stop: 
(fontspec)             - 'bold' (b/n) with NFSS spec.:
(fontspec)             <->"[NewCMMono10-Bold.otf]/OT:script=latn;language=dflt;
"
(fontspec)             - 'bold small caps'  (b/sc) with NFSS spec.: 
(fontspec)             and font adjustment code:
(fontspec)             \fontdimen 2\font =1\fontdimen 2\font \fontdimen 3\font
(fontspec)             =0\fontdimen 3\font \fontdimen 4\font =0\fontdimen
(fontspec)             4\font \fontdimen 7\font =0\fontdimen 2\font
(fontspec)             \tex_hyphenchar:D \font =-1\scan_stop: 
(fontspec)             - 'italic' (m/it) with NFSS spec.:
(fontspec)             <->"[NewCMMono10-BookItalic.otf]/OT:script=latn;language
=dflt;"
(fontspec)             - 'italic small caps'  (m/scit) with NFSS spec.:
(fontspec)             <->"[NewCMMono10-BookItalic.otf]/OT:script=latn;language
=dflt;+smcp;+onum;"
(fontspec)             and font adjustment code:
(fontspec)             \fontdimen 2\font =1\fontdimen 2\font \fontdimen 3\font
(fontspec)             =0\fontdimen 3\font \fontdimen 4\font =0\fontdimen
(fontspec)             4\font \fontdimen 7\font =0\fontdimen 2\font
(fontspec)             \tex_hyphenchar:D \font =-1\scan_stop: 
(fontspec)             - 'slanted' (m/sl) with NFSS spec.:
(fontspec)             <->"[NewCMMono10-Book.otf]/OT:script=latn;language=dflt;
slant=0.25;"
(fontspec)             - 'slanted small caps'  (m/scsl) with NFSS spec.:
(fontspec)             <->"[NewCMMono10-Book.otf]/OT:script=latn;language=dflt;
slant=0.25;+smcp;+onum;"
(fontspec)             and font adjustment code:
(fontspec)             \fontdimen 2\font =1\fontdimen 2\font \fontdimen 3\font
(fontspec)             =0\fontdimen 3\font \fontdimen 4\font =0\fontdimen
(fontspec)             4\font \fontdimen 7\font =0\fontdimen 2\font
(fontspec)             \tex_hyphenchar:D \font =-1\scan_stop: 
(fontspec)             - 'bold italic' (b/it) with NFSS spec.:
(fontspec)             <->"[NewCMMono10-BoldOblique.otf]/OT:script=latn;languag
e=dflt;"
(fontspec)             - 'bold italic small caps'  (b/scit) with NFSS spec.: 
(fontspec)             and font adjustment code:
(fontspec)             \fontdimen 2\font =1\fontdimen 2\font \fontdimen 3\font
(fontspec)             =0\fontdimen 3\font \fontdimen 4\font =0\fontdimen
(fontspec)             4\font \fontdimen 7\font =0\fontdimen 2\font
(fontspec)             \tex_hyphenchar:D \font =-1\scan_stop: 
(fontspec)             - 'bold slanted' (b/sl) with NFSS spec.:
(fontspec)             <->"[NewCMMono10-Bold.otf]/OT:script=latn;language=dflt;
slant=0.25;"
(fontspec)             - 'bold slanted small caps'  (b/scsl) with NFSS spec.: 
(fontspec)             and font adjustment code:
(fontspec)             \fontdimen 2\font =1\fontdimen 2\font \fontdimen 3\font
(fontspec)             =0\fontdimen 3\font \fontdimen 4\font =0\fontdimen
(fontspec)             4\font \fontdimen 7\font =0\fontdimen 2\font
(fontspec)             \tex_hyphenchar:D \font =-1\scan_stop: 


Package fontspec Info: Font family 'NewCMMono10-Book.otf(1)' created for font
(fontspec)             'NewCMMono10-Book.otf' with options [Extension =
(fontspec)             .otf,UprightFont = NewCMMono10-Book,BoldFont =
(fontspec)             NewCMMono10-Bold,ItalicFont =
(fontspec)             NewCMMono10-BookItalic,BoldItalicFont =
(fontspec)             NewCMMono10-BoldOblique,ItalicFont=NewCMMono10-BookItali
c.otf,BoldFont=NewCMMono10-Bold.otf,BoldItalicFont=NewCMMono10-BoldOblique.otf,
SlantedFont=NewCMMono10-Book.otf,SlantedFeatures={FakeSlant=0.25},BoldSlantedFo
nt=NewCMMono10-Bold.otf,BoldSlantedFeatures={FakeSlant=0.25},SmallCapsFeatures=
{Numbers=OldStyle}].
(fontspec)              
(fontspec)              This font family consists of the following NFSS
(fontspec)             series/shapes:
(fontspec)              
(fontspec)             - 'normal' (m/n) with NFSS spec.:
(fontspec)             <->"[NewCMMono10-Book.otf]/OT:script=latn;language=dflt;
"
(fontspec)             - 'small caps'  (m/sc) with NFSS spec.:
(fontspec)             <->"[NewCMMono10-Book.otf]/OT:script=latn;language=dflt;
+smcp;+onum;"
(fontspec)             - 'bold' (b/n) with NFSS spec.:
(fontspec)             <->"[NewCMMono10-Bold.otf]/OT:script=latn;language=dflt;
"
(fontspec)             - 'bold small caps'  (b/sc) with NFSS spec.: 
(fontspec)             - 'italic' (m/it) with NFSS spec.:
(fontspec)             <->"[NewCMMono10-BookItalic.otf]/OT:script=latn;language
=dflt;"
(fontspec)             - 'italic small caps'  (m/scit) with NFSS spec.:
(fontspec)             <->"[NewCMMono10-BookItalic.otf]/OT:script=latn;language
=dflt;+smcp;+onum;"
(fontspec)             - 'slanted' (m/sl) with NFSS spec.:
(fontspec)             <->"[NewCMMono10-Book.otf]/OT:script=latn;language=dflt;
slant=0.25;"
(fontspec)             - 'slanted small caps'  (m/scsl) with NFSS spec.:
(fontspec)             <->"[NewCMMono10-Book.otf]/OT:script=latn;language=dflt;
slant=0.25;+smcp;+onum;"
(fontspec)             - 'bold italic' (b/it) with NFSS spec.:
(fontspec)             <->"[NewCMMono10-BoldOblique.otf]/OT:script=latn;languag
e=dflt;"
(fontspec)             - 'bold italic small caps'  (b/scit) with NFSS spec.: 
(fontspec)             - 'bold slanted' (b/sl) with NFSS spec.:
(fontspec)             <->"[NewCMMono10-Bold.otf]/OT:script=latn;language=dflt;
slant=0.25;"
(fontspec)             - 'bold slanted small caps'  (b/scsl) with NFSS spec.: 

LaTeX Font Info:    Overwriting math alphabet `\mathtt' in version `normal'
(Font)                  OT1/cmtt/m/n --> TU/NewCMMono10-Book.otf(1)/m/n on inpu
t line 75.
LaTeX Font Info:    Overwriting math alphabet `\mathtt' in version `bold'
(Font)                  OT1/cmtt/m/n --> TU/NewCMMono10-Book.otf(1)/b/n on inpu
t line 75.

Package fontspec Info: Font family 'NewCMUncial10-Book.otf(0)' created for
(fontspec)             font 'NewCMUncial10-Book.otf' with options
(fontspec)             [SizeFeatures={{Size=-8, Font=NewCMUncial08-Book.otf,
(fontspec)             BoldFont=NewCMUncial10-Bold.otf,SlantedFont=NewCMUncial0
8-Book.otf,BoldSlantedFont=NewCMUncial10-Bold.otf,},
(fontspec)             {Size=8, Font=NewCMUncial08-Book.otf,
(fontspec)             BoldFont=NewCMUncial08-Bold.otf,SlantedFont=NewCMUncial0
8-Book.otf,BoldSlantedFont=NewCMUncial10-Bold.otf,},
(fontspec)             {Size= 9-, Font = NewCMUncial10-Book.otf,
(fontspec)             BoldFont=NewCMUncial10-Bold.otf,SlantedFont=NewCMUncial1
0-Book.otf,BoldSlantedFont=NewCMUncial10-Bold.otf,}},BoldSlantedFont=NewCMUncia
l10-Bold.otf,SlantedFont=NewCMUncial10-Book.otf,BoldFont=NewCMUncial10-Bold.otf
,SlantedFeatures={FakeSlant=0.25},BoldSlantedFeatures={FakeSlant=0.25}].
(fontspec)              
(fontspec)              This font family consists of the following NFSS
(fontspec)             series/shapes:
(fontspec)              
(fontspec)             - 'normal' (m/n) with NFSS spec.:
(fontspec)             <-8>"[NewCMUncial08-Book.otf]/OT:script=latn;language=df
lt;"<8>"[NewCMUncial08-Book.otf]/OT:script=latn;language=dflt;"<9->"[NewCMUncia
l10-Book.otf]/OT:script=latn;language=dflt;"
(fontspec)             - 'small caps'  (m/sc) with NFSS spec.: 
(fontspec)             - 'bold' (b/n) with NFSS spec.:
(fontspec)             <->"[NewCMUncial10-Bold.otf]/OT:script=latn;language=dfl
t;"
(fontspec)             - 'bold small caps'  (b/sc) with NFSS spec.: 
(fontspec)             - 'slanted' (m/sl) with NFSS spec.:
(fontspec)             <->"[NewCMUncial10-Book.otf]/OT:script=latn;language=dfl
t;slant=0.25;"
(fontspec)             - 'slanted small caps'  (m/scsl) with NFSS spec.: 
(fontspec)             - 'bold slanted' (b/sl) with NFSS spec.:
(fontspec)             <->"[NewCMUncial10-Bold.otf]/OT:script=latn;language=dfl
t;slant=0.25;"
(fontspec)             - 'bold slanted small caps'  (b/scsl) with NFSS spec.: 


Package fontspec Info: Font family 'NewCMMath-Book.otf(0)' created for font
(fontspec)             'NewCMMath-Book.otf' with options
(fontspec)             [BoldItalicFont={},ItalicFont={},SmallCapsFont={},Script
=Math].
(fontspec)              
(fontspec)              This font family consists of the following NFSS
(fontspec)             series/shapes:
(fontspec)              
(fontspec)             - 'normal' (m/n) with NFSS spec.:
(fontspec)             <->"[NewCMMath-Book.otf]/OT:script=math;language=dflt;"
(fontspec)             - 'small caps'  (m/sc) with NFSS spec.: 


Package fontspec Info: Font family 'NewCMMath-Book.otf(1)' created for font
(fontspec)             'NewCMMath-Book.otf' with options
(fontspec)             [BoldItalicFont={},ItalicFont={},SmallCapsFont={},Script
=Math,SizeFeatures={{Size=12.24-},{Size=8.64-12.24,Font=NewCMMath-Book.otf,Styl
e=MathScript},{Size=-8.64,Font=NewCMMath-Book.otf,Style=MathScriptScript}}].
(fontspec)              
(fontspec)              This font family consists of the following NFSS
(fontspec)             series/shapes:
(fontspec)              
(fontspec)             - 'normal' (m/n) with NFSS spec.:
(fontspec)             <12.24->"[NewCMMath-Book.otf]/OT:script=math;language=df
lt;"<8.64-12.24>"[NewCMMath-Book.otf]/OT:script=math;language=dflt;+ssty=0;"<-8
.64>"[NewCMMath-Book.otf]/OT:script=math;language=dflt;+ssty=1;"
(fontspec)             - 'small caps'  (m/sc) with NFSS spec.: 

LaTeX Font Info:    Encoding `OT1' has changed to `TU' for symbol font
(Font)              `operators' in the math version `normal' on input line 104.

LaTeX Font Info:    Overwriting symbol font `operators' in version `normal'
(Font)                  OT1/cmr/m/n --> TU/NewCMMath-Book.otf(1)/m/n on input l
ine 104.
LaTeX Font Info:    Encoding `OT1' has changed to `TU' for symbol font
(Font)              `operators' in the math version `bold' on input line 104.
LaTeX Font Info:    Overwriting symbol font `operators' in version `bold'
(Font)                  OT1/cmr/bx/n --> TU/NewCMMath-Book.otf(1)/b/n on input 
line 104.

Package fontspec Info: NewCMMath-Book scale = 1.0001.


Package fontspec Info: NewCMMath-Book scale = 1.0001.


Package fontspec Info: NewCMMath-Book scale = 1.0001.


Package fontspec Info: NewCMMath-Book scale = 1.0001.


Package fontspec Info: Font family 'NewCMMath-Book.otf(2)' created for font
(fontspec)             'NewCMMath-Book.otf' with options
(fontspec)             [BoldItalicFont={},ItalicFont={},SmallCapsFont={},Script
=Math,SizeFeatures={{Size=12.24-},{Size=8.64-12.24,Font=NewCMMath-Book.otf,Styl
e=MathScript},{Size=-8.64,Font=NewCMMath-Book.otf,Style=MathScriptScript}},Scal
eAgain=1.0001,FontAdjustment={\fontdimen
(fontspec)             8\font =9.7488pt\relax \fontdimen 9\font
(fontspec)             =5.6736pt\relax \fontdimen 10\font =6.3936pt\relax
(fontspec)             \fontdimen 11\font =9.8784pt\relax \fontdimen 12\font
(fontspec)             =4.968pt\relax \fontdimen 13\font =5.2272pt\relax
(fontspec)             \fontdimen 14\font =5.2272pt\relax \fontdimen 15\font
(fontspec)             =4.1616pt\relax \fontdimen 16\font =3.5568pt\relax
(fontspec)             \fontdimen 17\font =3.5568pt\relax \fontdimen 18\font
(fontspec)             =3.6pt\relax \fontdimen 19\font =2.88pt\relax
(fontspec)             \fontdimen 22\font =3.6pt\relax \fontdimen 20\font
(fontspec)             =0pt\relax \fontdimen 21\font =0pt\relax }].
(fontspec)              
(fontspec)              This font family consists of the following NFSS
(fontspec)             series/shapes:
(fontspec)              
(fontspec)             - 'normal' (m/n) with NFSS spec.:
(fontspec)             <12.24->s*[1.0001]"[NewCMMath-Book.otf]/OT:script=math;l
anguage=dflt;"<8.64-12.24>s*[1.0001]"[NewCMMath-Book.otf]/OT:script=math;langua
ge=dflt;+ssty=0;"<-8.64>s*[1.0001]"[NewCMMath-Book.otf]/OT:script=math;language
=dflt;+ssty=1;"
(fontspec)             - 'small caps'  (m/sc) with NFSS spec.: 
(fontspec)             and font adjustment code:
(fontspec)             \fontdimen 8\font =9.7488pt\relax \fontdimen 9\font
(fontspec)             =5.6736pt\relax \fontdimen 10\font =6.3936pt\relax
(fontspec)             \fontdimen 11\font =9.8784pt\relax \fontdimen 12\font
(fontspec)             =4.968pt\relax \fontdimen 13\font =5.2272pt\relax
(fontspec)             \fontdimen 14\font =5.2272pt\relax \fontdimen 15\font
(fontspec)             =4.1616pt\relax \fontdimen 16\font =3.5568pt\relax
(fontspec)             \fontdimen 17\font =3.5568pt\relax \fontdimen 18\font
(fontspec)             =3.6pt\relax \fontdimen 19\font =2.88pt\relax
(fontspec)             \fontdimen 22\font =3.6pt\relax \fontdimen 20\font
(fontspec)             =0pt\relax \fontdimen 21\font =0pt\relax 

LaTeX Font Info:    Encoding `OMS' has changed to `TU' for symbol font
(Font)              `symbols' in the math version `normal' on input line 104.
LaTeX Font Info:    Overwriting symbol font `symbols' in version `normal'
(Font)                  OMS/cmsy/m/n --> TU/NewCMMath-Book.otf(2)/m/n on input 
line 104.
LaTeX Font Info:    Encoding `OMS' has changed to `TU' for symbol font
(Font)              `symbols' in the math version `bold' on input line 104.
LaTeX Font Info:    Overwriting symbol font `symbols' in version `bold'
(Font)                  OMS/cmsy/b/n --> TU/NewCMMath-Book.otf(2)/b/n on input 
line 104.

Package fontspec Info: NewCMMath-Book scale = 0.9999.


Package fontspec Info: NewCMMath-Book scale = 0.9999.


Package fontspec Info: NewCMMath-Book scale = 0.9999.


Package fontspec Info: NewCMMath-Book scale = 0.9999.


Package fontspec Info: Font family 'NewCMMath-Book.otf(3)' created for font
(fontspec)             'NewCMMath-Book.otf' with options
(fontspec)             [BoldItalicFont={},ItalicFont={},SmallCapsFont={},Script
=Math,SizeFeatures={{Size=12.24-},{Size=8.64-12.24,Font=NewCMMath-Book.otf,Styl
e=MathScript},{Size=-8.64,Font=NewCMMath-Book.otf,Style=MathScriptScript}},Scal
eAgain=0.9999,FontAdjustment={\fontdimen
(fontspec)             8\font =0.6912pt\relax \fontdimen 9\font =2.88pt\relax
(fontspec)             \fontdimen 10\font =2.4048pt\relax \fontdimen 11\font
(fontspec)             =1.5984pt\relax \fontdimen 12\font =8.64pt\relax
(fontspec)             \fontdimen 13\font =0pt\relax }].
(fontspec)              
(fontspec)              This font family consists of the following NFSS
(fontspec)             series/shapes:
(fontspec)              
(fontspec)             - 'normal' (m/n) with NFSS spec.:
(fontspec)             <12.24->s*[0.9999]"[NewCMMath-Book.otf]/OT:script=math;l
anguage=dflt;"<8.64-12.24>s*[0.9999]"[NewCMMath-Book.otf]/OT:script=math;langua
ge=dflt;+ssty=0;"<-8.64>s*[0.9999]"[NewCMMath-Book.otf]/OT:script=math;language
=dflt;+ssty=1;"
(fontspec)             - 'small caps'  (m/sc) with NFSS spec.: 
(fontspec)             and font adjustment code:
(fontspec)             \fontdimen 8\font =0.6912pt\relax \fontdimen 9\font
(fontspec)             =2.88pt\relax \fontdimen 10\font =2.4048pt\relax
(fontspec)             \fontdimen 11\font =1.5984pt\relax \fontdimen 12\font
(fontspec)             =8.64pt\relax \fontdimen 13\font =0pt\relax 

LaTeX Font Info:    Encoding `OMX' has changed to `TU' for symbol font
(Font)              `largesymbols' in the math version `normal' on input line 1
04.
LaTeX Font Info:    Overwriting symbol font `largesymbols' in version `normal'
(Font)                  OMX/cmex/m/n --> TU/NewCMMath-Book.otf(3)/m/n on input 
line 104.
LaTeX Font Info:    Encoding `OMX' has changed to `TU' for symbol font
(Font)              `largesymbols' in the math version `bold' on input line 104
.
LaTeX Font Info:    Overwriting symbol font `largesymbols' in version `bold'
(Font)                  OMX/cmex/m/n --> TU/NewCMMath-Book.otf(3)/b/n on input 
line 104.
)
LaTeX Font Info:    Overwriting symbol font `operators' in version `normal'
(Font)                  TU/NewCMMath-Book.otf(1)/m/n --> TU/NewCMMath-Book.otf(
1)/m/n on input line 172.
LaTeX Font Info:    Overwriting symbol font `operators' in version `bold'
(Font)                  TU/NewCMMath-Book.otf(1)/b/n --> TU/NewCMMath-Book.otf(
1)/b/n on input line 172.

Package fontspec Info: NewCMMath-Book scale = 1.0001.

LaTeX Font Info:    Overwriting symbol font `symbols' in version `normal'
(Font)                  TU/NewCMMath-Book.otf(2)/m/n --> TU/NewCMMath-Book.otf(
2)/m/n on input line 172.
LaTeX Font Info:    Overwriting symbol font `symbols' in version `bold'
(Font)                  TU/NewCMMath-Book.otf(2)/b/n --> TU/NewCMMath-Book.otf(
2)/b/n on input line 172.

Package fontspec Info: NewCMMath-Book scale = 0.9999.

LaTeX Font Info:    Overwriting symbol font `largesymbols' in version `normal'
(Font)                  TU/NewCMMath-Book.otf(3)/m/n --> TU/NewCMMath-Book.otf(
3)/m/n on input line 172.
LaTeX Font Info:    Overwriting symbol font `largesymbols' in version `bold'
(Font)                  TU/NewCMMath-Book.otf(3)/b/n --> TU/NewCMMath-Book.otf(
3)/b/n on input line 172.
) (c:/texlive/2022/texmf-dist/tex/latex/pdfpages/pdfpages.sty
Package: pdfpages 2022/01/29 v0.5u Insert pages of external PDF documents (AM)

(c:/texlive/2022/texmf-dist/tex/latex/eso-pic/eso-pic.sty
Package: eso-pic 2020/10/14 v3.0a eso-pic (RN)
\ESO@tempdima=\dimen342
\ESO@tempdimb=\dimen343
)
\AM@pagewidth=\dimen344
\AM@pageheight=\dimen345
\AM@fboxrule=\dimen346

(c:/texlive/2022/texmf-dist/tex/latex/pdfpages/ppxetex.def
File: ppxetex.def 2022/01/29 v0.5u Pdfpages driver for XeTeX (AM)
)
\pdfpages@includegraphics@status=\count343
\AM@pagebox=\box82
\AM@global@opts=\toks49
\AM@pagecnt=\count344
\AM@toc@title=\toks50
\c@AM@survey=\count345
\AM@templatesizebox=\box83
)
(c:/texlive/2022/texmf-dist/tex/latex/biblatex/biblatex.sty
Package: biblatex 2022/02/02 v3.17 programmable bibliographies (PK/MW)

(c:/texlive/2022/texmf-dist/tex/generic/pdftexcmds/pdftexcmds.sty
Package: pdftexcmds 2020-06-27 v0.33 Utility functions of pdfTeX for LuaTeX (HO
)

(c:/texlive/2022/texmf-dist/tex/generic/infwarerr/infwarerr.sty
Package: infwarerr 2019/12/03 v1.5 Providing info/warning/error messages (HO)
)
(c:/texlive/2022/texmf-dist/tex/generic/ltxcmds/ltxcmds.sty
Package: ltxcmds 2020-05-10 v1.25 LaTeX kernel commands for general use (HO)
)
Package pdftexcmds Info: \pdf@primitive is available.
Package pdftexcmds Info: \pdf@ifprimitive is available.
Package pdftexcmds Info: \pdfdraftmode not found.
)
(c:/texlive/2022/texmf-dist/tex/latex/etoolbox/etoolbox.sty
Package: etoolbox 2020/10/05 v2.5k e-TeX tools for LaTeX (JAW)
\etb@tempcnta=\count346
)
(c:/texlive/2022/texmf-dist/tex/latex/kvoptions/kvoptions.sty
Package: kvoptions 2020-10-07 v3.14 Key value format for package options (HO)

(c:/texlive/2022/texmf-dist/tex/generic/kvsetkeys/kvsetkeys.sty
Package: kvsetkeys 2019/12/15 v1.18 Key value parser (HO)
))
(c:/texlive/2022/texmf-dist/tex/latex/logreq/logreq.sty
Package: logreq 2010/08/04 v1.0 xml request logger
\lrq@indent=\count347

(c:/texlive/2022/texmf-dist/tex/latex/logreq/logreq.def
File: logreq.def 2010/08/04 v1.0 logreq spec v1.0
))
(c:/texlive/2022/texmf-dist/tex/latex/url/url.sty
\Urlmuskip=\muskip18
Package: url 2013/09/16  ver 3.4  Verb mode for urls, etc.
)
\c@tabx@nest=\count348
\c@listtotal=\count349
\c@listcount=\count350
\c@liststart=\count351
\c@liststop=\count352
\c@citecount=\count353
\c@citetotal=\count354
\c@multicitecount=\count355
\c@multicitetotal=\count356
\c@instcount=\count357
\c@maxnames=\count358
\c@minnames=\count359
\c@maxitems=\count360
\c@minitems=\count361
\c@citecounter=\count362
\c@maxcitecounter=\count363
\c@savedcitecounter=\count364
\c@uniquelist=\count365
\c@uniquename=\count366
\c@refsection=\count367
\c@refsegment=\count368
\c@maxextratitle=\count369
\c@maxextratitleyear=\count370
\c@maxextraname=\count371
\c@maxextradate=\count372
\c@maxextraalpha=\count373
\c@abbrvpenalty=\count374
\c@highnamepenalty=\count375
\c@lownamepenalty=\count376
\c@maxparens=\count377
\c@parenlevel=\count378
\blx@tempcnta=\count379
\blx@tempcntb=\count380
\blx@tempcntc=\count381
\c@blx@maxsection=\count382
\c@blx@maxsegment@0=\count383
\blx@notetype=\count384
\blx@parenlevel@text=\count385
\blx@parenlevel@foot=\count386
\c@blx@sectionciteorder@0=\count387
\blx@entrysetcounter=\count388
\blx@biblioinstance=\count389
\labelnumberwidth=\skip67
\labelalphawidth=\skip68
\biblabelsep=\skip69
\bibitemsep=\skip70
\bibnamesep=\skip71
\bibinitsep=\skip72
\bibparsep=\skip73
\bibhang=\skip74
\blx@bcfin=\read3
\blx@bcfout=\write4
\blx@langwohyphens=\language87
\c@mincomprange=\count390
\c@maxcomprange=\count391
\c@mincompwidth=\count392
Package biblatex Info: Trying to load biblatex default data model...
Package biblatex Info: ... file 'blx-dm.def' found.

(c:/texlive/2022/texmf-dist/tex/latex/biblatex/blx-dm.def
File: blx-dm.def 2022/02/02 v3.17 biblatex localization (PK/MW)
)
Package biblatex Info: Trying to load biblatex style data model...
Package biblatex Info: ... file 'vancouver.dbx' not found.
Package biblatex Info: Trying to load biblatex custom data model...
Package biblatex Info: ... file 'biblatex-dm.cfg' not found.
\c@afterword=\count393
\c@savedafterword=\count394
\c@annotator=\count395
\c@savedannotator=\count396
\c@author=\count397
\c@savedauthor=\count398
\c@bookauthor=\count399
\c@savedbookauthor=\count400
\c@commentator=\count401
\c@savedcommentator=\count402
\c@editor=\count403
\c@savededitor=\count404
\c@editora=\count405
\c@savededitora=\count406
\c@editorb=\count407
\c@savededitorb=\count408
\c@editorc=\count409
\c@savededitorc=\count410
\c@foreword=\count411
\c@savedforeword=\count412
\c@holder=\count413
\c@savedholder=\count414
\c@introduction=\count415
\c@savedintroduction=\count416
\c@namea=\count417
\c@savednamea=\count418
\c@nameb=\count419
\c@savednameb=\count420
\c@namec=\count421
\c@savednamec=\count422
\c@translator=\count423
\c@savedtranslator=\count424
\c@shortauthor=\count425
\c@savedshortauthor=\count426
\c@shorteditor=\count427
\c@savedshorteditor=\count428
\c@labelname=\count429
\c@savedlabelname=\count430
\c@institution=\count431
\c@savedinstitution=\count432
\c@lista=\count433
\c@savedlista=\count434
\c@listb=\count435
\c@savedlistb=\count436
\c@listc=\count437
\c@savedlistc=\count438
\c@listd=\count439
\c@savedlistd=\count440
\c@liste=\count441
\c@savedliste=\count442
\c@listf=\count443
\c@savedlistf=\count444
\c@location=\count445
\c@savedlocation=\count446
\c@organization=\count447
\c@savedorganization=\count448
\c@origlocation=\count449
\c@savedoriglocation=\count450
\c@origpublisher=\count451
\c@savedorigpublisher=\count452
\c@publisher=\count453
\c@savedpublisher=\count454
\c@language=\count455
\c@savedlanguage=\count456
\c@origlanguage=\count457
\c@savedoriglanguage=\count458
\c@pageref=\count459
\c@savedpageref=\count460
\shorthandwidth=\skip75
\shortjournalwidth=\skip76
\shortserieswidth=\skip77
\shorttitlewidth=\skip78
\shortauthorwidth=\skip79
\shorteditorwidth=\skip80
\locallabelnumberwidth=\skip81
\locallabelalphawidth=\skip82
\localshorthandwidth=\skip83
\localshortjournalwidth=\skip84
\localshortserieswidth=\skip85
\localshorttitlewidth=\skip86
\localshortauthorwidth=\skip87
\localshorteditorwidth=\skip88
Package biblatex Info: Trying to load enhanced support for Unicode engines...
Package biblatex Info: ... file 'blx-unicode.def' found.

(c:/texlive/2022/texmf-dist/tex/latex/biblatex/blx-unicode.def)
Package biblatex Info: Trying to load compatibility code...
Package biblatex Info: ... file 'blx-compat.def' found.

(c:/texlive/2022/texmf-dist/tex/latex/biblatex/blx-compat.def
File: blx-compat.def 2022/02/02 v3.17 biblatex compatibility (PK/MW)
)
Package biblatex Info: Trying to load generic definitions...
Package biblatex Info: ... file 'biblatex.def' found.

(c:/texlive/2022/texmf-dist/tex/latex/biblatex/biblatex.def
File: biblatex.def 2022/02/02 v3.17 biblatex compatibility (PK/MW)
\c@textcitecount=\count461
\c@textcitetotal=\count462
\c@textcitemaxnames=\count463
\c@biburlbigbreakpenalty=\count464
\c@biburlbreakpenalty=\count465
\c@biburlnumpenalty=\count466
\c@biburlucpenalty=\count467
\c@biburllcpenalty=\count468
\biburlbigskip=\muskip19
\biburlnumskip=\muskip20
\biburlucskip=\muskip21
\biburllcskip=\muskip22
\c@smartand=\count469
)
Package biblatex Info: Trying to load bibliography style 'vancouver'...
Package biblatex Info: ... file 'vancouver.bbx' found.

(c:/texlive/2022/texmf-dist/tex/latex/biblatex-vancouver/vancouver.bbx
File: vancouver.bbx 2020/05/20 v0.1 biblatex vancouver
Package biblatex Info: Trying to load bibliography style 'numeric'...
Package biblatex Info: ... file 'numeric.bbx' found.

(c:/texlive/2022/texmf-dist/tex/latex/biblatex/bbx/numeric.bbx
File: numeric.bbx 2022/02/02 v3.17 biblatex bibliography style (PK/MW)
Package biblatex Info: Trying to load bibliography style 'standard'...
Package biblatex Info: ... file 'standard.bbx' found.

(c:/texlive/2022/texmf-dist/tex/latex/biblatex/bbx/standard.bbx
File: standard.bbx 2022/02/02 v3.17 biblatex bibliography style (PK/MW)
\c@bbx:relatedcount=\count470
\c@bbx:relatedtotal=\count471
)))
Package biblatex Info: Trying to load citation style 'vancouver'...
Package biblatex Info: ... file 'vancouver.cbx' found.

(c:/texlive/2022/texmf-dist/tex/latex/biblatex-vancouver/vancouver.cbx
File: vancouver.bbx 2020/05/20 v0.1 biblatex vancouver
Package biblatex Info: Trying to load citation style 'numeric'...
Package biblatex Info: ... file 'numeric.cbx' found.

(c:/texlive/2022/texmf-dist/tex/latex/biblatex/cbx/numeric.cbx
File: numeric.cbx 2022/02/02 v3.17 biblatex citation style (PK/MW)
Package biblatex Info: Redefining '\cite'.
Package biblatex Info: Redefining '\parencite'.
Package biblatex Info: Redefining '\footcite'.
Package biblatex Info: Redefining '\footcitetext'.
Package biblatex Info: Redefining '\smartcite'.
Package biblatex Info: Redefining '\supercite'.
Package biblatex Info: Redefining '\textcite'.
Package biblatex Info: Redefining '\textcites'.
Package biblatex Info: Redefining '\cites'.
Package biblatex Info: Redefining '\parencites'.
Package biblatex Info: Redefining '\smartcites'.
))
Package biblatex Info: Trying to load configuration file...
Package biblatex Info: ... file 'biblatex.cfg' found.

(c:/texlive/2022/texmf-dist/tex/latex/biblatex/biblatex.cfg
File: biblatex.cfg 
)
Package biblatex Info: XeTeX detected.
(biblatex)             Assuming input encoding 'utf8'.
Package biblatex Info: Document encoding is UTF8 ....
Package biblatex Info: ... and expl3
(biblatex)             2022-02-24 L3 programming layer (loader) 
(biblatex)             is new enough (at least 2020/04/06),
(biblatex)             setting 'casechanger=expl3'.

(c:/texlive/2022/texmf-dist/tex/latex/biblatex/blx-case-expl3.sty
Package: blx-case-expl3 2022/02/02 v3.17 expl3 case changing code for biblatex
))
(c:/texlive/2022/texmf-dist/tex/latex/fancyhdr/fancyhdr.sty
Package: fancyhdr 2021/01/28 v4.0.1 Extensive control of page headers and foote
rs
\f@nch@headwidth=\skip89
\f@nch@O@elh=\skip90
\f@nch@O@erh=\skip91
\f@nch@O@olh=\skip92
\f@nch@O@orh=\skip93
\f@nch@O@elf=\skip94
\f@nch@O@erf=\skip95
\f@nch@O@olf=\skip96
\f@nch@O@orf=\skip97
)
(c:/texlive/2022/texmf-dist/tex/latex/hyperref/hyperref.sty
Package: hyperref 2022-02-21 v7.00n Hypertext links for LaTeX

(c:/texlive/2022/texmf-dist/tex/generic/kvdefinekeys/kvdefinekeys.sty
Package: kvdefinekeys 2019-12-19 v1.6 Define keys (HO)
)
(c:/texlive/2022/texmf-dist/tex/generic/pdfescape/pdfescape.sty
Package: pdfescape 2019/12/09 v1.15 Implements pdfTeX's escape features (HO)
)
(c:/texlive/2022/texmf-dist/tex/latex/hycolor/hycolor.sty
Package: hycolor 2020-01-27 v1.10 Color options for hyperref/bookmark (HO)
)
(c:/texlive/2022/texmf-dist/tex/latex/letltxmacro/letltxmacro.sty
Package: letltxmacro 2019/12/03 v1.6 Let assignment for LaTeX macros (HO)
)
(c:/texlive/2022/texmf-dist/tex/latex/auxhook/auxhook.sty
Package: auxhook 2019-12-17 v1.6 Hooks for auxiliary files (HO)
)
\@linkdim=\dimen347
\Hy@linkcounter=\count472
\Hy@pagecounter=\count473

(c:/texlive/2022/texmf-dist/tex/latex/hyperref/pd1enc.def
File: pd1enc.def 2022-02-21 v7.00n Hyperref: PDFDocEncoding definition (HO)
)
(c:/texlive/2022/texmf-dist/tex/generic/intcalc/intcalc.sty
Package: intcalc 2019/12/15 v1.3 Expandable calculations with integers (HO)
)
(c:/texlive/2022/texmf-dist/tex/generic/etexcmds/etexcmds.sty
Package: etexcmds 2019/12/15 v1.7 Avoid name clashes with e-TeX commands (HO)
)
\Hy@SavedSpaceFactor=\count474

(c:/texlive/2022/texmf-dist/tex/latex/hyperref/puenc.def
File: puenc.def 2022-02-21 v7.00n Hyperref: PDF Unicode definition (HO)
)
Package hyperref Info: Option `unicode' set `true' on input line 4018.
Package hyperref Info: Hyper figures OFF on input line 4137.
Package hyperref Info: Link nesting OFF on input line 4142.
Package hyperref Info: Hyper index ON on input line 4145.
Package hyperref Info: Plain pages OFF on input line 4152.
Package hyperref Info: Backreferencing OFF on input line 4157.
Package hyperref Info: Implicit mode ON; LaTeX internals redefined.
Package hyperref Info: Bookmarks ON on input line 4390.
\c@Hy@tempcnt=\count475
LaTeX Info: Redefining \url on input line 4749.
\XeTeXLinkMargin=\dimen348

(c:/texlive/2022/texmf-dist/tex/generic/bitset/bitset.sty
Package: bitset 2019/12/09 v1.3 Handle bit-vector datatype (HO)

(c:/texlive/2022/texmf-dist/tex/generic/bigintcalc/bigintcalc.sty
Package: bigintcalc 2019/12/15 v1.5 Expandable calculations on big integers (HO
)
))
\Fld@menulength=\count476
\Field@Width=\dimen349
\Fld@charsize=\dimen350
Package hyperref Info: Hyper figures OFF on input line 6027.
Package hyperref Info: Link nesting OFF on input line 6032.
Package hyperref Info: Hyper index ON on input line 6035.
Package hyperref Info: backreferencing OFF on input line 6042.
Package hyperref Info: Link coloring OFF on input line 6047.
Package hyperref Info: Link coloring with OCG OFF on input line 6052.
Package hyperref Info: PDF/A mode OFF on input line 6057.
LaTeX Info: Redefining \ref on input line 6097.
LaTeX Info: Redefining \pageref on input line 6101.
\Hy@abspage=\count477
\c@Item=\count478
\c@Hfootnote=\count479
)
Package hyperref Info: Driver (autodetected): hxetex.

(c:/texlive/2022/texmf-dist/tex/latex/hyperref/hxetex.def
File: hxetex.def 2022-02-21 v7.00n Hyperref driver for XeTeX

(c:/texlive/2022/texmf-dist/tex/generic/stringenc/stringenc.sty
Package: stringenc 2019/11/29 v1.12 Convert strings between diff. encodings (HO
)
)
\pdfm@box=\box84
\c@Hy@AnnotLevel=\count480
\HyField@AnnotCount=\count481
\Fld@listcount=\count482
\c@bookmark@seq@number=\count483

(c:/texlive/2022/texmf-dist/tex/latex/rerunfilecheck/rerunfilecheck.sty
Package: rerunfilecheck 2019/12/05 v1.9 Rerun checks for auxiliary files (HO)

(c:/texlive/2022/texmf-dist/tex/latex/base/atveryend-ltx.sty
Package: atveryend-ltx 2020/08/19 v1.0a Emulation of the original atveryend pac
kage
with kernel methods
)
(c:/texlive/2022/texmf-dist/tex/generic/uniquecounter/uniquecounter.sty
Package: uniquecounter 2019/12/15 v1.4 Provide unlimited unique counter (HO)
)
Package uniquecounter Info: New unique counter `rerunfilecheck' on input line 2
86.
)
\Hy@SectionHShift=\skip98
)
(c:/texlive/2022/texmf-dist/tex/xelatex/xepersian/xepersian.sty
Package: xepersian 2022/02/20 v23.7 Persian typesetting in XeLaTeX

(c:/texlive/2022/texmf-dist/tex/xelatex/xepersian/xepersian-persiancal.sty
Package: xepersian-persiancal 2012/07/25 v0.2 provides Persian calendar
\XePersian@i=\count484
\XePersian@y=\count485
\XePersian@m=\count486
\XePersian@d=\count487
\XePersian@latini=\count488
\XePersian@persiani=\count489
\XePersian@latinii=\count490
\XePersian@persianii=\count491
\XePersian@latiniii=\count492
\XePersian@persianiii=\count493
\XePersian@latiniv=\count494
\XePersian@persianiv=\count495
\XePersian@latinv=\count496
\XePersian@persianv=\count497
\XePersian@latinvi=\count498
\XePersian@persianvi=\count499
\XePersian@latinvii=\count500
\XePersian@persianvii=\count501
\XePersian@latinviii=\count502
\XePersian@persianviii=\count503
\XePersian@latinix=\count504
\XePersian@persianix=\count505
\XePersian@latinx=\count506
\XePersian@persianx=\count507
\XePersian@latinxi=\count508
\XePersian@persianxi=\count509
\XePersian@latinxii=\count510
\XePersian@persianxii=\count511
\XePersian@persianxiii=\count512
\XePersian@temp=\count513
\XePersian@temptwo=\count514
\XePersian@tempthree=\count515
\XePersian@yModHundred=\count516
\XePersian@thirtytwo=\count517
\XePersian@dn=\count518
\XePersian@sn=\count519
\XePersian@mminusone=\count520
)
(c:/texlive/2022/texmf-dist/tex/xelatex/xepersian/xepersian-mathdigitspec.sty
Package: xepersian-mathdigitspec 2022/02/04 v1.1.9 Unicode Persian math digits 
in XeLaTeX
)
(c:/texlive/2022/texmf-dist/tex/xelatex/bidi/bidi.sty
Package: bidi 2022/02/18 v36.7 Bidirectional typesetting in plain TeX and LaTeX


****************************************************
* 
* bidi package (Bidirectional typesetting in
* plain TeX and LaTeX, using XeTeX engine)
* 
* Description: A convenient interface for
* typesetting bidirectional texts in plain TeX
* and LaTeX. The package includes adaptations
* for use with many other commonly-used packages.
* 
* Copyright (c) 2007--2022 Vafa Khalighi
* Copyright (c) 2018--2020 bidi-tex GitHub organization
* 
* v36.7, 2022/02/18
* 
* License: LaTeX Project Public License, version
* 1.3c or higher (your choice)
* 
* Location on CTAN: /macros/xetex/latex/bidi
* 
* Issue tracker: https://github.com/tex-persian/bidi/issues
* 
* Discussions: https://github.com/tex-persian/bidi/discussions
* 
* Support Email: tex-persian@vafa.ac
* 
* Primary author of bidi package: Vafa Khalighi.
* 
****************************************************
(c:/texlive/2022/texmf-dist/tex/xelatex/bidi/biditools.sty
Package: biditools 2022/02/01 v2.1 Programming tools for bidi package
\@bidi@envbody=\toks51
\@bidi@emptytoks=\toks52
\bidi@poscount=\count521
\bidi@tempcountb=\count522
\bidi@temptoksa=\toks53
\bidi@temptoksb=\toks54
\bidi@dummies=\count523
\bidi@are@these@correct=\toks55
\bidi@toks@lista=\toks56
\bidi@toks@listb=\toks57
\bidi@stack@length=\count524
\bidi@empty@stack=\toks58
\bidi@looprepeat@depth=\count525
)
==> First Aid for biditools.sty no longer applied!
    Expected:
        2020/05/13 v2 Programming tools for bidi package
    but found:
        2022/02/01 v2.1 Programming tools for bidi package
    so I'm assuming it got fixed.
(c:/texlive/2022/texmf-dist/tex/latex/zref/zref-abspage.sty
Package: zref-abspage 2020-07-03 v2.32 Module abspage for zref (HO)

(c:/texlive/2022/texmf-dist/tex/latex/zref/zref-base.sty
Package: zref-base 2020-07-03 v2.32 Module base for zref (HO)
Package zref Info: New property list: main on input line 764.
Package zref Info: New property: default on input line 765.
Package zref Info: New property: page on input line 766.
)
\c@abspage=\count526
Package zref Info: New property: abspage on input line 66.
)
(c:/texlive/2022/texmf-dist/tex/latex/xkeyval/xkeyval.sty
Package: xkeyval 2020/11/20 v2.8 package option processing (HA)

(c:/texlive/2022/texmf-dist/tex/generic/xkeyval/xkeyval.tex
(c:/texlive/2022/texmf-dist/tex/generic/xkeyval/xkvutils.tex
\XKV@toks=\toks59
\XKV@tempa@toks=\toks60
)
\XKV@depth=\count527
File: xkeyval.tex 2014/12/03 v2.7a key=value parser (HA)
))
\@bidi@copyins@=\insert252

(c:/texlive/2022/texmf-dist/tex/xelatex/bidi/latex-xetex-bidi.def
File: latex-xetex-bidi.def 2022/02/18 v1.4.0 bidi adaptations for `latex.ltx' f
or XeTeX engine
\bidi@n@everypar=\toks61
\bidi@column@check@number=\count528

(c:/texlive/2022/texmf-dist/tex/xelatex/bidi/footnote-xetex-bidi.def
File: footnote-xetex-bidi.def 2017/08/09 v1.1 bidi footnote macros for XeTeX en
gine
\c@footdir@label=\count529
\footdir@toks=\toks62
)
(c:/texlive/2022/texmf-dist/tex/xelatex/bidi/extbook-xetex-bidi.def
File: extbook-xetex-bidi.def 2017/06/09 v0.4 bidi adaptations for extbook class
 for XeTeX engine
)
(c:/texlive/2022/texmf-dist/tex/xelatex/bidi/amsmath-xetex-bidi.def
File: amsmath-xetex-bidi.def 2020/05/16 v1.2 bidi adaptations for amsmath packa
ge for XeTeX engine
)
(c:/texlive/2022/texmf-dist/tex/xelatex/bidi/amstext-xetex-bidi.def
File: amstext-xetex-bidi.def 2016/09/12 v0.2 bidi adaptations for amstext packa
ge for XeTeX engine
)
(c:/texlive/2022/texmf-dist/tex/xelatex/bidi/caption-xetex-bidi.def
File: caption-xetex-bidi.def 2010/07/25 v0.1 bidi adaptations for caption packa
ge for XeTeX engine
)
(c:/texlive/2022/texmf-dist/tex/xelatex/bidi/caption3-xetex-bidi.def
File: caption3-xetex-bidi.def 2013/04/01 v0.1 bidi adaptations for caption3 pac
kage for XeTeX engine
)
(c:/texlive/2022/texmf-dist/tex/xelatex/bidi/color-xetex-bidi.def
File: color-xetex-bidi.def 2013/04/08 v0.2 bidi adaptations for color package f
or XeTeX engine
LaTeX Info: Redefining \color on input line 50.
)
(c:/texlive/2022/texmf-dist/tex/xelatex/bidi/xcolor-xetex-bidi.def
File: xcolor-xetex-bidi.def 2013/04/08 v0.2 bidi adaptations for xcolor package
 for XeTeX engine
LaTeX Info: Redefining \color on input line 49.
LaTeX Info: Redefining \bidicolor on input line 92.
)
(c:/texlive/2022/texmf-dist/tex/xelatex/bidi/float-xetex-bidi.def
File: float-xetex-bidi.def 2013/04/04 v0.2 bidi adaptations for float package f
or XeTeX engine
)
(c:/texlive/2022/texmf-dist/tex/xelatex/bidi/graphicx-xetex-bidi.def
File: graphicx-xetex-bidi.def 2017/06/17 v0.5 bidi adaptations for graphicx pac
kage for XeTeX engine
)
(c:/texlive/2022/texmf-dist/tex/xelatex/bidi/geometry-xetex-bidi.def
File: geometry-xetex-bidi.def 2017/01/14 v0.2 bidi adaptations for geometry pac
kage for XeTeX engine
)
(c:/texlive/2022/texmf-dist/tex/xelatex/bidi/tabularx-xetex-bidi.def
File: tabularx-xetex-bidi.def 2014/11/08 v0.1 bidi adaptations for tabularx pac
kage for XeTeX engine
)
(c:/texlive/2022/texmf-dist/tex/xelatex/bidi/longtable-xetex-bidi.def
File: longtable-xetex-bidi.def 2019/01/19 v0.5 bidi adaptations for longtable p
ackage for XeTeX engine
)
(c:/texlive/2022/texmf-dist/tex/xelatex/bidi/lscape-xetex-bidi.def
File: lscape-xetex-bidi.def 2022/02/18 v0.1 bidi adaptations for lscape package
 for XeTeX engine
)
(c:/texlive/2022/texmf-dist/tex/xelatex/bidi/hyperref-xetex-bidi.def
File: hyperref-xetex-bidi.def 2018/11/11 v1.1 bidi adaptations for hyperref pac
kage for XeTeX engine
)
(c:/texlive/2022/texmf-dist/tex/xelatex/bidi/fancyhdr-xetex-bidi.def
File: fancyhdr-xetex-bidi.def 2018/02/15 v0.7 bidi adaptations for fancyhdr pac
kage for XeTeX engine
)
(c:/texlive/2022/texmf-dist/tex/xelatex/bidi/diagbox-xetex-bidi.def
File: diagbox-xetex-bidi.def 2017/12/30 v0.2 bidi adaptations for diagbox packa
ge for XeTeX engine
)
(c:/texlive/2022/texmf-dist/tex/xelatex/bidi/eso-pic-xetex-bidi.def
File: eso-pic-xetex-bidi.def 2022/02/18 v0.4 bidi adaptations for eso-pic packa
ge for XeTeX engine
)
(c:/texlive/2022/texmf-dist/tex/xelatex/bidi/pdflscape-xetex-bidi.def
File: pdflscape-xetex-bidi.def 2022/02/18 v0.1 bidi adaptations for pdflscape p
ackage for XeTeX engine
)
(c:/texlive/2022/texmf-dist/tex/xelatex/bidi/pdfpages-xetex-bidi.def
File: pdfpages-xetex-bidi.def 2010/07/25 v0.1 bidi adaptations for pdfpages pac
kage for XeTeX engine
)
(c:/texlive/2022/texmf-dist/tex/xelatex/bidi/pgfcorescopes.code-xetex-bidi.def
File: pgfcorescopes.code-xetex-bidi.def 2015/11/14 v0.1 bidi adaptations for pg
f package for XeTeX engine
) (c:/texlive/2022/texmf-dist/tex/xelatex/bidi/titlesec-xetex-bidi.def
File: titlesec-xetex-bidi.def 2010/07/25 v0.1 bidi adaptations for titlesec pac
kage for XeTeX engine
)
(c:/texlive/2022/texmf-dist/tex/xelatex/bidi/array-xetex-bidi.def
File: array-xetex-bidi.def 2015/11/07 v0.3 bidi adaptations for array package f
or XeTeX engine
))
(c:/texlive/2022/texmf-dist/tex/xelatex/bidi/loadingorder-xetex-bidi.def
File: loadingorder-xetex-bidi.def 2017/12/29 v0.97 making sure that bidi is the
 last package loaded
)
\bidi@digits=\count530
\bidi@digits@charclass=\XeTeXcharclass1
\bidi@sepmark@charclass=\XeTeXcharclass2
)
****************************************************
* 
* xepersian package (Persian for LaTeX, using XeTeX engine)
* 
* Description: The package supports Persian
* typesetting, using fonts provided in the
* distribution.
* 
* Copyright (c) 2008--2022 Vafa Khalighi
* Copyright (c) 2018--2020 bidi-tex GitHub Organization
* 
* v23.7, 2022/02/20
* 
* License: LaTeX Project Public License, version
* 1.3c or higher (your choice)
* 
* Location on CTAN: /macros/xetex/latex/xepersian
* 
* Issue tracker: https://github.com/tex-persian/xepersian/issues
* 
* Discussions: https://github.com/tex-persian/xepersian/discussions
* 
* Support Email: tex-persian@vafa.ac
* 
* Primary author of xepersian package: Vafa Khalighi.
* 
****************************************************
\xepersian@tcl=\count531
\xepersian@ilg=\dimen351
\xepersian@strutilg=\dimen352
(c:/texlive/2022/texmf-dist/tex/xelatex/xepersian/loadingorder-xepersian.def
File: loadingorder-xepersian.def 2018/09/29 v0.5 making sure that xepersian is 
the last package loaded
)
(c:/texlive/2022/texmf-dist/tex/xelatex/xepersian/footnote-xepersian.def
File: footnote-xepersian.def 2017/08/09 v0.6 footnote macros for xepersian pack
age
)
(c:/texlive/2022/texmf-dist/tex/xelatex/xepersian/enumitem-xepersian.def
File: enumitem-xepersian.def 2017/09/06 v0.1 adaptations for enumitem package
)
(c:/texlive/2022/texmf-dist/tex/xelatex/xepersian/hyperref-xepersian.def
File: hyperref-xepersian.def 2015/02/02 v0.6 bilingual captions for hyperref pa
ckage
)
(c:/texlive/2022/texmf-dist/tex/xelatex/xepersian/url-xepersian.def
File: url-xepersian.def 2022/02/18 v0.1 adaptations for url package
)
(c:/texlive/2022/texmf-dist/tex/xelatex/xepersian/extbook-xepersian.def
File: extbook-xepersian.def 2010/07/25 v0.1 adaptations for extbook class
)

Package fontspec Info: Font family 'lmroman10-regular(0)' created for font
(fontspec)             'lmroman10-regular' with options
(fontspec)             [Ligatures=TeX,Path,BoldFont={lmroman10-bold},BoldItalic
Font={lmroman10-bolditalic},ItalicFont={lmroman10-italic},SmallCapsFont={lmroma
ncaps10-regular},SlantedFont={lmromanslant10-regular},BoldSlantedFont={lmromans
lant10-bold}].
(fontspec)              
(fontspec)              This font family consists of the following NFSS
(fontspec)             series/shapes:
(fontspec)              
(fontspec)             - 'normal' (m/n) with NFSS spec.:
(fontspec)             <->"[lmroman10-regular]/OT:script=latn;language=dflt;map
ping=tex-text;"
(fontspec)             - 'small caps'  (m/sc) with NFSS spec.:
(fontspec)             <->"[lmromancaps10-regular]/OT:script=latn;language=dflt
;mapping=tex-text;"
(fontspec)             - 'bold' (b/n) with NFSS spec.:
(fontspec)             <->"[lmroman10-bold]/OT:script=latn;language=dflt;mappin
g=tex-text;"
(fontspec)             - 'bold small caps'  (b/sc) with NFSS spec.:
(fontspec)             <->"[lmromancaps10-regular]/OT:script=latn;language=dflt
;mapping=tex-text;"
(fontspec)             - 'italic' (m/it) with NFSS spec.:
(fontspec)             <->"[lmroman10-italic]/OT:script=latn;language=dflt;mapp
ing=tex-text;"
(fontspec)             - 'italic small caps'  (m/scit) with NFSS spec.:
(fontspec)             <->"[lmromancaps10-regular]/OT:script=latn;language=dflt
;mapping=tex-text;"
(fontspec)             - 'slanted' (m/sl) with NFSS spec.:
(fontspec)             <->"[lmromanslant10-regular]/OT:script=latn;language=dfl
t;mapping=tex-text;"
(fontspec)             - 'slanted small caps'  (m/scsl) with NFSS spec.:
(fontspec)             <->"[lmromancaps10-regular]/OT:script=latn;language=dflt
;mapping=tex-text;"
(fontspec)             - 'bold italic' (b/it) with NFSS spec.:
(fontspec)             <->"[lmroman10-bolditalic]/OT:script=latn;language=dflt;
mapping=tex-text;"
(fontspec)             - 'bold italic small caps'  (b/scit) with NFSS spec.:
(fontspec)             <->"[lmromancaps10-regular]/OT:script=latn;language=dflt
;mapping=tex-text;"
(fontspec)             - 'bold slanted' (b/sl) with NFSS spec.:
(fontspec)             <->"[lmromanslant10-bold]/OT:script=latn;language=dflt;m
apping=tex-text;"
(fontspec)             - 'bold slanted small caps'  (b/scsl) with NFSS spec.:
(fontspec)             <->"[lmromancaps10-regular]/OT:script=latn;language=dflt
;mapping=tex-text;"

)

Package fontspec Info: Font family 'IRNazanin-Regular(0)' created for font
(fontspec)             'IRNazanin-Regular' with options
(fontspec)             [RawFeature={script=arab},Ligatures=PersianTeX,Path=font
s/,Extension=.ttf,Script=Arabic,Scale=1,BoldFont=IRNazanin-Bold,ItalicFont=IRNa
zanin-Italic].
(fontspec)              
(fontspec)              This font family consists of the following NFSS
(fontspec)             series/shapes:
(fontspec)              
(fontspec)             - 'normal' (m/n) with NFSS spec.:
(fontspec)             <->s*[1]"[fonts/IRNazanin-Regular.ttf]/OT:script=arab;la
nguage=dflt;script=arab;mapping=persian-tex-text;"
(fontspec)             - 'small caps'  (m/sc) with NFSS spec.: 
(fontspec)             - 'bold' (b/n) with NFSS spec.:
(fontspec)             <->s*[1]"[fonts/IRNazanin-Bold.ttf]/OT:script=arab;langu
age=dflt;script=arab;mapping=persian-tex-text;"
(fontspec)             - 'bold small caps'  (b/sc) with NFSS spec.: 
(fontspec)             - 'italic' (m/it) with NFSS spec.:
(fontspec)             <->s*[1]"[fonts/IRNazanin-Italic.ttf]/OT:script=arab;lan
guage=dflt;script=arab;mapping=persian-tex-text;"
(fontspec)             - 'italic small caps'  (m/scit) with NFSS spec.: 

LaTeX Font Info:    Font shape `TU/IRNazanin-Regular(0)/m/n' will be
(Font)              scaled to size 14.4pt on input line 57.

Package fontspec Info: Font family 'IRTitr(0)' created for font 'IRTitr' with
(fontspec)             options [Path=fonts/,Extension=.ttf,Script=Arabic].
(fontspec)              
(fontspec)              This font family consists of the following NFSS
(fontspec)             series/shapes:
(fontspec)              
(fontspec)             - 'normal' (m/n) with NFSS spec.:
(fontspec)             <->"[fonts/IRTitr.ttf]/OT:script=arab;language=dflt;"
(fontspec)             - 'small caps'  (m/sc) with NFSS spec.: 

)
\@quotelevel=\count532
\@quotereset=\count533

(./main.aux)
\openout1 = `main.aux'.

LaTeX Font Info:    Checking defaults for OML/cmm/m/it on input line 26.
LaTeX Font Info:    ... okay on input line 26.
LaTeX Font Info:    Checking defaults for OMS/cmsy/m/n on input line 26.
LaTeX Font Info:    ... okay on input line 26.
LaTeX Font Info:    Checking defaults for OT1/cmr/m/n on input line 26.
LaTeX Font Info:    ... okay on input line 26.
LaTeX Font Info:    Checking defaults for T1/cmr/m/n on input line 26.
LaTeX Font Info:    ... okay on input line 26.
LaTeX Font Info:    Checking defaults for TS1/cmr/m/n on input line 26.
LaTeX Font Info:    ... okay on input line 26.
LaTeX Font Info:    Checking defaults for TU/lmr/m/n on input line 26.
LaTeX Font Info:    ... okay on input line 26.
LaTeX Font Info:    Checking defaults for OMX/cmex/m/n on input line 26.
LaTeX Font Info:    ... okay on input line 26.
LaTeX Font Info:    Checking defaults for U/cmr/m/n on input line 26.
LaTeX Font Info:    ... okay on input line 26.
LaTeX Font Info:    Checking defaults for PD1/pdf/m/n on input line 26.
LaTeX Font Info:    ... okay on input line 26.
LaTeX Font Info:    Checking defaults for PU/pdf/m/n on input line 26.
LaTeX Font Info:    ... okay on input line 26.

*geometry* driver: auto-detecting
*geometry* detected driver: xetex
*geometry* verbose mode - [ preamble ] result:
* driver: xetex
* paper: a4paper
* layout: <same size as paper>
* layoutoffset:(h,v)=(0.0pt,0.0pt)
* modes: includefoot twoside 
* h-part:(L,W,R)=(99.58464pt, 426.79135pt, 71.13188pt)
* v-part:(T,H,B)=(71.13188pt, 702.78308pt, 71.13188pt)
* \paperwidth=597.50787pt
* \paperheight=845.04684pt
* \textwidth=426.79135pt
* \textheight=667.21715pt
* \oddsidemargin=27.31465pt
* \evensidemargin=-1.1381pt
* \topmargin=-40.1381pt
* \headheight=14.0pt
* \headsep=25.0pt
* \topskip=14.0pt
* \footskip=35.56593pt
* \marginparwidth=61.0pt
* \marginparsep=10.0pt
* \columnsep=10.0pt
* \skip\footins=12.0pt plus 4.0pt minus 2.0pt
* \hoffset=0.0pt
* \voffset=0.0pt
* \mag=1000
* \@twocolumnfalse
* \@twosidetrue
* \@mparswitchtrue
* \@reversemarginfalse
* (1in=72.27pt=25.4mm, 1cm=28.453pt)

Package pgfplots notification 'compat/show suggested version=true': document ha
s been generated with the most recent feature set (\pgfplotsset{compat=1.18}).

Package caption Info: Begin \AtBeginDocument code.
Package caption Info: hyperref package is loaded.
Package caption Info: End \AtBeginDocument code.
Package biblatex Info: Trying to load language 'english'...
Package biblatex Info: ... file 'english.lbx' found.
(c:/texlive/2022/texmf-dist/tex/latex/biblatex/lbx/english.lbx
File: english.lbx 2022/02/02 v3.17 biblatex localization (PK/MW)
)
Package biblatex Info: XeTeX detected.
(biblatex)             Assuming input encoding 'utf8'.
Package biblatex Info: Automatic encoding selection.
(biblatex)             Assuming data encoding 'utf8'.
\openout4 = `main.bcf'.

Package biblatex Info: Trying to load bibliographic data...
Package biblatex Info: ... file 'main.bbl' found.
 (./main.bbl)
Package biblatex Info: Reference section=0 on input line 26.
Package biblatex Info: Reference segment=0 on input line 26.
Package hyperref Info: Link coloring OFF on input line 26.

(c:/texlive/2022/texmf-dist/tex/latex/hyperref/nameref.sty
Package: nameref 2021-04-02 v2.47 Cross-referencing by name of section

(c:/texlive/2022/texmf-dist/tex/latex/refcount/refcount.sty
Package: refcount 2019/12/15 v3.6 Data extraction from label references (HO)
)
(c:/texlive/2022/texmf-dist/tex/generic/gettitlestring/gettitlestring.sty
Package: gettitlestring 2019/12/15 v1.6 Cleanup title references (HO)
)
\c@section@level=\count534
)
LaTeX Info: Redefining \ref on input line 26.
LaTeX Info: Redefining \pageref on input line 26.
LaTeX Info: Redefining \nameref on input line 26.

(./main.out) (./main.out)
\@outlinefile=\write5
\openout5 = `main.out'.

 (./frontmatter/title-fa.tex
File: figures/LUMS.jpg Graphic file (type bmp)
<figures/LUMS.jpg>
LaTeX Font Info:    Font shape `TU/IRNazanin-Regular(0)/m/n' will be
(Font)              scaled to size 17.28pt on input line 38.
LaTeX Font Info:    Font shape `TU/IRNazanin-Regular(0)/b/n' will be
(Font)              scaled to size 17.28pt on input line 38.
 [1


]) [2

]
(./frontmatter/basmala.tex [3

]) (./frontmatter/internal-title-fa.tex
File: figures/LUMS.jpg Graphic file (type bmp)
<figures/LUMS.jpg>
 [4

])
(./frontmatter/declaration-fa.tex
LaTeX Font Info:    Font shape `TU/IRNazanin-Regular(0)/b/n' will be
(Font)              scaled to size 14.4pt on input line 13.
 [5


]) (./frontmatter/copyright.tex [6

])
(./frontmatter/dedication.tex [7

]) (./frontmatter/acknowledgements.tex [8

])
(./frontmatter/abstract-fa.tex
LaTeX Font Info:    Font shape `TU/NewCMMath-Book.otf(2)/m/n' will be
(Font)              scaled to size 14.40152pt on input line 18.
LaTeX Font Info:    Font shape `TU/NewCMMath-Book.otf(2)/m/n' will be
(Font)              scaled to size 10.08107pt on input line 18.
LaTeX Font Info:    Font shape `TU/NewCMMath-Book.otf(2)/m/n' will be
(Font)              scaled to size 7.20076pt on input line 18.
LaTeX Font Info:    Font shape `TU/NewCMMath-Book.otf(3)/m/n' will be
(Font)              scaled to size 14.39845pt on input line 18.
LaTeX Font Info:    Font shape `TU/NewCMMath-Book.otf(3)/m/n' will be
(Font)              scaled to size 10.07892pt on input line 18.
LaTeX Font Info:    Font shape `TU/NewCMMath-Book.otf(3)/m/n' will be
(Font)              scaled to size 7.19922pt on input line 18.
LaTeX Font Info:    Trying to load font information for U+msa on input line 18.


(c:/texlive/2022/texmf-dist/tex/latex/amsfonts/umsa.fd
File: umsa.fd 2013/01/14 v3.01 AMS symbols A
)
LaTeX Font Info:    Trying to load font information for U+msb on input line 18.


(c:/texlive/2022/texmf-dist/tex/latex/amsfonts/umsb.fd
File: umsb.fd 2013/01/14 v3.01 AMS symbols B
)
Missing character: There is no ۶ (U+06F6) in font [NewCMMath-Book.otf]/OT:scrip
t=math;language=dflt;!
Missing character: There is no ۲ (U+06F2) in font [NewCMMath-Book.otf]/OT:scrip
t=math;language=dflt;!
Missing character: There is no ٫ (U+066B) in font [NewCMMath-Book.otf]/OT:scrip
t=math;language=dflt;!
Missing character: There is no ۱ (U+06F1) in font [NewCMMath-Book.otf]/OT:scrip
t=math;language=dflt;!
Missing character: There is no ۱ (U+06F1) in font [NewCMMath-Book.otf]/OT:scrip
t=math;language=dflt;!
Missing character: There is no ۰ (U+06F0) in font [NewCMMath-Book.otf]/OT:scrip
t=math;language=dflt;!
Missing character: There is no ٫ (U+066B) in font [NewCMMath-Book.otf]/OT:scrip
t=math;language=dflt;!
Missing character: There is no ۷ (U+06F7) in font [NewCMMath-Book.otf]/OT:scrip
t=math;language=dflt;!
[9


] [10]) (./main.toc [11


])
\tf@toc=\write6
\openout6 = `main.toc'.

 [12] (./main.lot)
\tf@lot=\write7
\openout7 = `main.lot'.

 [13


] [14


] (./main.lof
Underfull \hbox (badness 1194) in paragraph at lines 6--6
 [][][] [][][][]\TU/IRNazanin-Regular(0)/m/n/14.4 درصد برخورداری از فعالیت بدنی
 کافی در ۱۰۴ شرکت‌کننده، به تفکیک[][][] 
 []


Underfull \hbox (badness 1038) in paragraph at lines 10--10
 [][][]\TU/IRNazanin-Regular(0)/m/n/14.4 می‌دهند. خط‌چین عمودی نشان‌دهنده نسبت 
شانس برابر با یک است.[][][] 
 []


Underfull \vbox (badness 10000) has occurred while \output is active []

 [15])
\tf@lof=\write8
\openout8 = `main.lof'.


[16] (./chapters/ch01-introduction.tex
فصل 1.
LaTeX Font Info:    Font shape `TU/IRNazanin-Regular(0)/m/n' will be
(Font)              scaled to size 20.74pt on input line 11.
LaTeX Font Info:    Font shape `TU/IRNazanin-Regular(0)/b/n' will be
(Font)              scaled to size 20.74pt on input line 11.
LaTeX Font Info:    Font shape `TU/IRNazanin-Regular(0)/m/n' will be
(Font)              scaled to size 10.08pt on input line 15.
LaTeX Font Info:    Font shape `TU/IRNazanin-Regular(0)/m/n' will be
(Font)              scaled to size 10.0pt on input line 15.
LaTeX Font Info:    Font shape `TU/NewCMMath-Book.otf(2)/m/n' will be
(Font)              scaled to size 10.00107pt on input line 15.
LaTeX Font Info:    Font shape `TU/NewCMMath-Book.otf(2)/m/n' will be
(Font)              scaled to size 7.00075pt on input line 15.
LaTeX Font Info:    Font shape `TU/NewCMMath-Book.otf(2)/m/n' will be
(Font)              scaled to size 5.00053pt on input line 15.
LaTeX Font Info:    Font shape `TU/NewCMMath-Book.otf(3)/m/n' will be
(Font)              scaled to size 9.99893pt on input line 15.
LaTeX Font Info:    Font shape `TU/NewCMMath-Book.otf(3)/m/n' will be
(Font)              scaled to size 6.99925pt on input line 15.
LaTeX Font Info:    Font shape `TU/NewCMMath-Book.otf(3)/m/n' will be
(Font)              scaled to size 4.99947pt on input line 15.
LaTeX Font Info:    Font shape `TU/IRNazanin-Regular(0)/m/n' will be
(Font)              scaled to size 7.0pt on input line 15.

Underfull \vbox (badness 2050) has occurred while \output is active []

 [1




]
[2] [3]
Underfull \hbox (badness 2941) in paragraph at lines 37--38
[][]\TU/IRNazanin-Regular(0)/m/n/14.4 رژیم غذایی و تغذیه: تغییر در عادات تغذیه‌
ای و حفظ آن در طولانی‌مدت، یکی از[]
 []

[4] [5] [6] [7] [8] [9]
Underfull \hbox (badness 1178) in paragraph at lines 184--185
[][]\TU/IRNazanin-Regular(0)/m/n/14.4 پایبندی به درمان دارویی (بر اساس نمره []\
TU/lmroman10-regular(0)/m/n/14.4 MMAS-4[]\TU/IRNazanin-Regular(0)/m/n/14.4 ) با
 میزان پایبندی به اقدامات[]
 []

) (./chapters/ch02-literature.tex [10]
فصل 2.

Underfull \vbox (badness 10000) has occurred while \output is active []

 [11


]
Underfull \hbox (badness 2150) in paragraph at lines 19--20
[][]\TU/IRNazanin-Regular(0)/m/n/14.4 تئوری دیگری که در تبیین پایبندی به سبک زن
دگی نقش کلیدی دارد، «تئوری رفتار[]
 []


Underfull \vbox (badness 10000) has occurred while \output is active []

 [12]
[13] [14] [15]
Overfull \hbox (10.68593pt too wide) in paragraph at lines 58--59
[][]\TU/IRNazanin-Regular(0)/m/n/14.4 موهانداس و همکاران در یک مطالعه مورد-شاهد
ی در سال ۲۰۲۵ میلادی، پیش‌بینی‌کننده‌های[]
 []


Underfull \vbox (badness 3039) has occurred while \output is active []

 [16])
(./chapters/ch03-methods.tex [17] [18

]
فصل 3.

Underfull \vbox (badness 10000) has occurred while \output is active []

 [19

]
(./tables/3-1.tex
LaTeX Font Info:    Font shape `TU/IRNazanin-Regular(0)/m/n' will be
(Font)              scaled to size 8.0pt on input line 3.

! Undefined control sequence.
<argument> ...apwidth =4in \else \setcaptionwidth 
                                                  \LTcapwidth \fi \caption@s...
l.19 ...n{تعریف و شیوه اندازه‌گیری متغیرهای پژوهش}
                                                  \label{tab:variables}\\
? r
OK, entering \nonstopmode...
! Missing number, treated as zero.
<to be read again> 
                   \let 
l.19 ...n{تعریف و شیوه اندازه‌گیری متغیرهای پژوهش}
                                                  \label{tab:variables}\\
A number should have been here; I inserted `0'.
(If you can't figure out why I needed to see a number,
look up `weird error' in the index to The TeXbook.)

! Illegal unit of measure (pt inserted).
<to be read again> 
                   \let 
l.19 ...n{تعریف و شیوه اندازه‌گیری متغیرهای پژوهش}
                                                  \label{tab:variables}\\
Dimensions can be in units of em, ex, in, pt, pc,
cm, mm, dd, cc, bp, or sp; but yours is a new one!
I'll assume that you meant to say pt, for printer's points.
To recover gracefully from this error, it's best to
delete the erroneous units; e.g., type `2' to delete
two letters. (See Chapter 27 of The TeXbook.)

LaTeX Font Info:    Font shape `TU/IRNazanin-Regular(0)/m/n' will be
(Font)              scaled to size 12.0pt on input line 19.
LaTeX Font Info:    Font shape `TU/IRNazanin-Regular(0)/b/n' will be
(Font)              scaled to size 12.0pt on input line 19.

\endL or \endR problem (0 missing, 1 extra) in paragraph at lines 19--19
[][][][] 
 []

LaTeX Font Info:    Font shape `TU/IRNazanin-Regular(0)/b/n' will be
(Font)              scaled to size 8.0pt on input line 21.
[20] [21]
LaTeX Font Info:    Font shape `TU/IRNazanin-Regular(0)/b/n' will be
(Font)              scaled to size 10.0pt on input line 64.
) [22] [23]
Underfull \vbox (badness 2781) has occurred while \output is active []

 [24]
Underfull \vbox (badness 1292) has occurred while \output is active []

 [25])
(./chapters/ch04-results.tex [26]
فصل 4.
[27


] (./tables/4-1.tex
\endL or \endR problem (0 missing, 1 extra) in paragraph at lines 241--241
[][][][] 
 []

[28]
Underfull \vbox (badness 10000) has occurred while \output is active []

 [29]
Overfull \vbox (149.95457pt too high) has occurred while \output is active []


[30])
Underfull \vbox (badness 10000) has occurred while \output is active []

 [31]
[32]
Underfull \hbox (badness 3579) in paragraph at lines 70--70
[]|[]\TU/IRNazanin-Regular(0)/b/n/20.74 ارتباط بین متغیر های بالینی و پایبندی ب
ه اقدامات[] 
 []

[33] [34] (./figures/4-1.tex
\endL or \endR problem (0 missing, 1 extra) in paragraph at lines 101--101
[][][][] 
 []

)
Underfull \vbox (badness 10000) has occurred while \output is active []

 [35]
(./figures/4-2.tex
\endL or \endR problem (0 missing, 1 extra) in paragraph at lines 314--314
[][][][] 
 []

)
Underfull \vbox (badness 10000) has occurred while \output is active []

 [36]
(./figures/4-3.tex
\endL or \endR problem (0 missing, 1 extra) in paragraph at lines 197--197
[][][][] 
 []

)
Underfull \vbox (badness 10000) has occurred while \output is active []

 [37]
(./figures/4-4.tex
\endL or \endR problem (0 missing, 1 extra) in paragraph at lines 207--207
[][][][] 
 []

)
Underfull \vbox (badness 10000) has occurred while \output is active []

 [38]
(./figures/4-5.tex
\endL or \endR problem (0 missing, 1 extra) in paragraph at lines 174--174
[][][][] 
 []

)
Underfull \vbox (badness 10000) has occurred while \output is active []

 [39]
Underfull \vbox (badness 10000) has occurred while \output is active []

 [40]
[41]
Underfull \vbox (badness 10000) has occurred while \output is active []

 [42]
(./figures/4-6.tex [43]
Package pgfplots info on input line 24: Using 'lua backend=false' for axis: xmo
de=log unsupported (yet).
LaTeX Font Info:    Font shape `TU/IRNazanin-Regular(0)/m/n' will be
(Font)              scaled to size 7.8pt on input line 121.
LaTeX Font Info:    Font shape `TU/IRNazanin-Regular(0)/b/n' will be
(Font)              scaled to size 9.0pt on input line 121.
LaTeX Font Info:    Font shape `TU/IRNazanin-Regular(0)/b/n' will be
(Font)              scaled to size 8.6pt on input line 121.
LaTeX Font Info:    Font shape `TU/IRNazanin-Regular(0)/m/n' will be
(Font)              scaled to size 8.2pt on input line 121.

Underfull \hbox (badness 10000) in paragraph at lines 121--121
 [][][]\TU/IRNazanin-Regular(0)/m/n/8.2 سن[]
 []


Underfull \hbox (badness 10000) in paragraph at lines 121--121
 [][][]\TU/IRNazanin-Regular(0)/m/n/8.2 اشتغال (شاغل)[]
 []


Underfull \hbox (badness 10000) in paragraph at lines 121--121
 [][][]\TU/IRNazanin-Regular(0)/m/n/8.2 سواد سلامت (ناکافی)[]
 []


Underfull \hbox (badness 10000) in paragraph at lines 121--121
 [][][]\TU/IRNazanin-Regular(0)/m/n/8.2 سن[]
 []


Underfull \hbox (badness 10000) in paragraph at lines 121--121
 [][][]\TU/IRNazanin-Regular(0)/m/n/8.2 تأهل (متأهل)[]
 []


Underfull \hbox (badness 10000) in paragraph at lines 121--121
 [][][]\TU/IRNazanin-Regular(0)/m/n/8.2 تحصیلات (دانشگاهی)[]
 []


Underfull \hbox (badness 3547) in paragraph at lines 121--121
 [][][]\TU/IRNazanin-Regular(0)/m/n/8.2 نوع درمان (دارویی در برابر آنژیوپلاستی)
[]
 []


Underfull \hbox (badness 10000) in paragraph at lines 121--121
 [][][]\TU/IRNazanin-Regular(0)/m/n/8.2 بیماری‌های همراه[]
 []


Underfull \hbox (badness 10000) in paragraph at lines 121--121
 [][][]\TU/IRNazanin-Regular(0)/m/n/8.2 سواد سلامت (ناکافی)[]
 []


Underfull \hbox (badness 10000) in paragraph at lines 121--121
 [][][]\TU/IRNazanin-Regular(0)/m/n/8.2 درک بیماری[]
 []


Underfull \hbox (badness 10000) in paragraph at lines 121--121
 [][][]\TU/IRNazanin-Regular(0)/m/n/8.2 پایبندی دارویی (پایین)[]
 []


Underfull \hbox (badness 10000) in paragraph at lines 121--121
 [][][]\TU/IRNazanin-Regular(0)/m/n/8.2 تحصیلات (دانشگاهی)[]
 []


Underfull \hbox (badness 10000) in paragraph at lines 121--121
 [][][]\TU/IRNazanin-Regular(0)/m/n/8.2 سکونت (شهری)[]
 []


Underfull \hbox (badness 10000) in paragraph at lines 121--121
 [][][]\TU/IRNazanin-Regular(0)/m/n/8.2 وضعیت اقتصادی (ضعیف)[]
 []


Underfull \hbox (badness 10000) in paragraph at lines 121--121
 [][][]\TU/IRNazanin-Regular(0)/m/n/8.2 سواد سلامت (ناکافی)[]
 []


Underfull \hbox (badness 10000) in paragraph at lines 121--121
 [][][]\TU/IRNazanin-Regular(0)/m/n/8.2 پایبندی دارویی (پایین)[]
 []


Underfull \hbox (badness 10000) in paragraph at lines 121--121
 [][][]\TU/IRNazanin-Regular(0)/m/n/8.2 سن[]
 []


Underfull \hbox (badness 10000) in paragraph at lines 121--121
 [][][]\TU/IRNazanin-Regular(0)/m/n/8.2 جنسیت (زن)[]
 []


Underfull \hbox (badness 10000) in paragraph at lines 121--121
 [][][]\TU/IRNazanin-Regular(0)/m/n/8.2 تأهل (متأهل)[]
 []


Underfull \hbox (badness 10000) in paragraph at lines 121--121
 [][][]\TU/IRNazanin-Regular(0)/m/n/8.2 تحصیلات (دانشگاهی)[]
 []


Underfull \hbox (badness 10000) in paragraph at lines 121--121
 [][][]\TU/IRNazanin-Regular(0)/m/n/8.2 اشتغال (شاغل)[]
 []


Underfull \hbox (badness 10000) in paragraph at lines 121--121
 [][][]\TU/IRNazanin-Regular(0)/m/n/8.2 سواد سلامت (ناکافی)[]
 []


Underfull \hbox (badness 10000) in paragraph at lines 121--121
 [][][]\TU/IRNazanin-Regular(0)/m/n/8.2 درک بیماری[]
 []


Underfull \hbox (badness 10000) in paragraph at lines 121--121
 [][][]\TU/IRNazanin-Regular(0)/m/n/8.2 جنسیت (زن)[]
 []


Underfull \hbox (badness 10000) in paragraph at lines 121--121
 [][][]\TU/IRNazanin-Regular(0)/m/n/8.2 تأهل (متأهل)[]
 []


Underfull \hbox (badness 10000) in paragraph at lines 121--121
 [][][]\TU/IRNazanin-Regular(0)/m/n/8.2 تحصیلات (دانشگاهی)[]
 []


Underfull \hbox (badness 10000) in paragraph at lines 121--121
 [][][]\TU/IRNazanin-Regular(0)/m/n/8.2 سواد سلامت (ناکافی)[]
 []


Underfull \hbox (badness 10000) in paragraph at lines 121--121
 [][][]\TU/IRNazanin-Regular(0)/m/n/8.2 درک بیماری[]
 []


Underfull \hbox (badness 10000) in paragraph at lines 121--121
 [][][]\TU/IRNazanin-Regular(0)/m/n/8.2 پایبندی دارویی (پایین)[]
 []

LaTeX Font Info:    Font shape `TU/IRNazanin-Regular(0)/m/n' will be
(Font)              scaled to size 8.7pt on input line 121.

\endL or \endR problem (0 missing, 1 extra) in paragraph at lines 123--123
[][][][] 
 []

[44])) (./chapters/ch05-discussion.tex
فصل 5.
[45




]
Underfull \vbox (badness 10000) has occurred while \output is active []

 [46]
Underfull \vbox (badness 10000) has occurred while \output is active []

 [47]
(./figures/5-1.tex
LaTeX Font Info:    Font shape `TU/IRNazanin-Regular(0)/m/n' will be
(Font)              scaled to size 11.0pt on input line 24.

Overfull \hbox (33.77615pt too wide) in paragraph at lines 22--69
 [][][][][][] 
 []


\endL or \endR problem (0 missing, 1 extra) in paragraph at lines 69--69
[][][][] 
 []

) [48]
Underfull \vbox (badness 10000) has occurred while \output is active []

 [49])
[50] [51


]
Underfull \hbox (badness 2142) in paragraph at lines 100--100
[][]\TU/lmroman10-regular(0)/m/n/14.4 Keenan J. Improving Adherence to Medicati
on for Sec-[]
 []


Underfull \hbox (badness 1946) in paragraph at lines 100--100
[]\TU/lmroman10-regular(0)/m/n/14.4 A, Grobbee D, Maggioni A, Marques-Vidal P, 
Jennings[]
 []


Underfull \hbox (badness 1668) in paragraph at lines 100--100
[]\TU/lmroman10-regular(0)/m/n/14.4 lar Risk Factor Control in Coronary Patient
s across 27[]
 []

[52] [53] [54]
Underfull \hbox (badness 4805) in paragraph at lines 100--100
[]\TU/lmroman10-regular(0)/m/n/14.4 Available from: [][]$[][][][][] [] [] [] []
[][] [] [][][] [] [][] [] [][][][] []$[][]
 []


Underfull \hbox (badness 1231) in paragraph at lines 100--100
[]\TU/lmroman10-regular(0)/m/n/14.4 Vedhara K. Can Illness Beliefs, from the Co
mmon-Sense[]
 []

[55] [56] [57]
Underfull \hbox (badness 1895) in paragraph at lines 100--100
[]\TU/lmroman10-regular(0)/m/n/14.4 ease Prevention among Cardiac Patients in t
he Cardiac[]
 []

[58] [59] [60] [61] [62] [63] (./backmatter/appendices.tex [64]
! Undefined control sequence.
l.17 \noindent 2. \textbf{جنسیت:} \checkbox
                                           {} مرد \quad \checkbox{} زن
The control sequence at the end of the top line
of your error message was never \def'ed. If you have
misspelled it (e.g., `\hobx'), type `I' and the correct
spelling (e.g., `I\hbox'). Otherwise just continue,
and I'll forget about whatever was undefined.

! Undefined control sequence.
l.17 ...bf{جنسیت:} \checkbox{} مرد \quad \checkbox
                                                  {} زن
The control sequence at the end of the top line
of your error message was never \def'ed. If you have
misspelled it (e.g., `\hobx'), type `I' and the correct
spelling (e.g., `I\hbox'). Otherwise just continue,
and I'll forget about whatever was undefined.

! Undefined control sequence.
l.19 \noindent 3. \textbf{وضعیت تأهل:} \checkbox
                                                {} مجرد \quad \checkbox{} مت...
The control sequence at the end of the top line
of your error message was never \def'ed. If you have
misspelled it (e.g., `\hobx'), type `I' and the correct
spelling (e.g., `I\hbox'). Otherwise just continue,
and I'll forget about whatever was undefined.

! Undefined control sequence.
l.19 ...یت تأهل:} \checkbox{} مجرد \quad \checkbox
                                                  {} متأهل \quad \checkbox{}...
The control sequence at the end of the top line
of your error message was never \def'ed. If you have
misspelled it (e.g., `\hobx'), type `I' and the correct
spelling (e.g., `I\hbox'). Otherwise just continue,
and I'll forget about whatever was undefined.

! Undefined control sequence.
l.19 ...رد \quad \checkbox{} متأهل \quad \checkbox
                                                  {} طلاق‌گرفته/همسر فوت شده
The control sequence at the end of the top line
of your error message was never \def'ed. If you have
misspelled it (e.g., `\hobx'), type `I' and the correct
spelling (e.g., `I\hbox'). Otherwise just continue,
and I'll forget about whatever was undefined.

! Undefined control sequence.
l.21 \noindent 4. \textbf{سطح تحصیلات:} \checkbox
                                                 {} بی‌سواد/ابتدایی/سیکل/دیپ...
The control sequence at the end of the top line
of your error message was never \def'ed. If you have
misspelled it (e.g., `\hobx'), type `I' and the correct
spelling (e.g., `I\hbox'). Otherwise just continue,
and I'll forget about whatever was undefined.

! Undefined control sequence.
l.21 ...بی‌سواد/ابتدایی/سیکل/دیپلم \quad \checkbox
                                                  {} دانشگاهی (بالاتر از دیپلم)
The control sequence at the end of the top line
of your error message was never \def'ed. If you have
misspelled it (e.g., `\hobx'), type `I' and the correct
spelling (e.g., `I\hbox'). Otherwise just continue,
and I'll forget about whatever was undefined.

! Undefined control sequence.
l.23 \noindent 5. \textbf{وضعیت شغلی:} \checkbox
                                                {} شاغل \quad \checkbox{} بی...
The control sequence at the end of the top line
of your error message was never \def'ed. If you have
misspelled it (e.g., `\hobx'), type `I' and the correct
spelling (e.g., `I\hbox'). Otherwise just continue,
and I'll forget about whatever was undefined.

! Undefined control sequence.
l.23 ...یت شغلی:} \checkbox{} شاغل \quad \checkbox
                                                  {} بیکار/بازنشسته/خانه‌دار
The control sequence at the end of the top line
of your error message was never \def'ed. If you have
misspelled it (e.g., `\hobx'), type `I' and the correct
spelling (e.g., `I\hbox'). Otherwise just continue,
and I'll forget about whatever was undefined.

! Undefined control sequence.
l.25 \noindent 6. \textbf{محل سکونت:} \checkbox
                                               {} شهری \quad \checkbox{} روس...
The control sequence at the end of the top line
of your error message was never \def'ed. If you have
misspelled it (e.g., `\hobx'), type `I' and the correct
spelling (e.g., `I\hbox'). Otherwise just continue,
and I'll forget about whatever was undefined.

! Undefined control sequence.
l.25 ...ل سکونت:} \checkbox{} شهری \quad \checkbox
                                                  {} روستایی
The control sequence at the end of the top line
of your error message was never \def'ed. If you have
misspelled it (e.g., `\hobx'), type `I' and the correct
spelling (e.g., `I\hbox'). Otherwise just continue,
and I'll forget about whatever was undefined.

! Undefined control sequence.
l.29 \noindent \checkbox
                        {} خوب (راحت هستم) \quad \checkbox{} متوسط (دخل و خر...
The control sequence at the end of the top line
of your error message was never \def'ed. If you have
misspelled it (e.g., `\hobx'), type `I' and the correct
spelling (e.g., `I\hbox'). Otherwise just continue,
and I'll forget about whatever was undefined.

! Undefined control sequence.
l.29 ...checkbox{} خوب (راحت هستم) \quad \checkbox
                                                  {} متوسط (دخل و خرج برابر ...
The control sequence at the end of the top line
of your error message was never \def'ed. If you have
misspelled it (e.g., `\hobx'), type `I' and the correct
spelling (e.g., `I\hbox'). Otherwise just continue,
and I'll forget about whatever was undefined.

! Undefined control sequence.
l.29 ...توسط (دخل و خرج برابر است) \quad \checkbox
                                                  {} ضعیف (با مشکلات مالی رو...
The control sequence at the end of the top line
of your error message was never \def'ed. If you have
misspelled it (e.g., `\hobx'), type `I' and the correct
spelling (e.g., `I\hbox'). Otherwise just continue,
and I'll forget about whatever was undefined.

! Undefined control sequence.
l.31 ...\textbf{وضعیت پوشش بیمه درمانی:} \checkbox
                                                  {} دارم \quad \checkbox{} ...
The control sequence at the end of the top line
of your error message was never \def'ed. If you have
misspelled it (e.g., `\hobx'), type `I' and the correct
spelling (e.g., `I\hbox'). Otherwise just continue,
and I'll forget about whatever was undefined.

! Undefined control sequence.
l.31 ... درمانی:} \checkbox{} دارم \quad \checkbox
                                                  {} ندارم
The control sequence at the end of the top line
of your error message was never \def'ed. If you have
misspelled it (e.g., `\hobx'), type `I' and the correct
spelling (e.g., `I\hbox'). Otherwise just continue,
and I'll forget about whatever was undefined.

! Undefined control sequence.
<recently read> \checkbox 
                          
l.39   \item \checkbox
                      {} آنژیوپلاستی (فنر گذاری / استنت)
The control sequence at the end of the top line
of your error message was never \def'ed. If you have
misspelled it (e.g., `\hobx'), type `I' and the correct
spelling (e.g., `I\hbox'). Otherwise just continue,
and I'll forget about whatever was undefined.

! Undefined control sequence.
<recently read> \checkbox 
                          
l.40   \item \checkbox
                      {} جراحی بای‌پس عروق کرونری (عمل باز قلب)
The control sequence at the end of the top line
of your error message was never \def'ed. If you have
misspelled it (e.g., `\hobx'), type `I' and the correct
spelling (e.g., `I\hbox'). Otherwise just continue,
and I'll forget about whatever was undefined.

! Undefined control sequence.
<recently read> \checkbox 
                          
l.41   \item \checkbox
                      {} درمان دارویی (بدون مداخله جراحی)
The control sequence at the end of the top line
of your error message was never \def'ed. If you have
misspelled it (e.g., `\hobx'), type `I' and the correct
spelling (e.g., `I\hbox'). Otherwise just continue,
and I'll forget about whatever was undefined.

! Undefined control sequence.
<recently read> \checkbox 
                          
l.46   \item \checkbox
                      {} فشار خون بالا
The control sequence at the end of the top line
of your error message was never \def'ed. If you have
misspelled it (e.g., `\hobx'), type `I' and the correct
spelling (e.g., `I\hbox'). Otherwise just continue,
and I'll forget about whatever was undefined.

! Undefined control sequence.
<recently read> \checkbox 
                          
l.47   \item \checkbox
                      {} نارسایی قلبی
The control sequence at the end of the top line
of your error message was never \def'ed. If you have
misspelled it (e.g., `\hobx'), type `I' and the correct
spelling (e.g., `I\hbox'). Otherwise just continue,
and I'll forget about whatever was undefined.

! Undefined control sequence.
<recently read> \checkbox 
                          
l.48   \item \checkbox
                      {} بیماری ریوی
The control sequence at the end of the top line
of your error message was never \def'ed. If you have
misspelled it (e.g., `\hobx'), type `I' and the correct
spelling (e.g., `I\hbox'). Otherwise just continue,
and I'll forget about whatever was undefined.

! Undefined control sequence.
<recently read> \checkbox 
                          
l.49   \item \checkbox
                      {} دیابت (قند خون)
The control sequence at the end of the top line
of your error message was never \def'ed. If you have
misspelled it (e.g., `\hobx'), type `I' and the correct
spelling (e.g., `I\hbox'). Otherwise just continue,
and I'll forget about whatever was undefined.

[65]
! Undefined control sequence.
<recently read> \checkbox 
                          
l.50   \item \checkbox
                      {} چربی خون بالا
The control sequence at the end of the top line
of your error message was never \def'ed. If you have
misspelled it (e.g., `\hobx'), type `I' and the correct
spelling (e.g., `I\hbox'). Otherwise just continue,
and I'll forget about whatever was undefined.

! Undefined control sequence.
<recently read> \checkbox 
                          
l.51   \item \checkbox
                      {} نارسایی کلیه
The control sequence at the end of the top line
of your error message was never \def'ed. If you have
misspelled it (e.g., `\hobx'), type `I' and the correct
spelling (e.g., `I\hbox'). Otherwise just continue,
and I'll forget about whatever was undefined.

! Undefined control sequence.
<recently read> \checkbox 
                          
l.52   \item \checkbox
                      {} هیچکدام
The control sequence at the end of the top line
of your error message was never \def'ed. If you have
misspelled it (e.g., `\hobx'), type `I' and the correct
spelling (e.g., `I\hbox'). Otherwise just continue,
and I'll forget about whatever was undefined.

! Undefined control sequence.
l.57 ... سال یا مادر/خواهر زیر 65 سال):} \checkbox
                                                  {} دارم \quad \checkbox{} ...
The control sequence at the end of the top line
of your error message was never \def'ed. If you have
misspelled it (e.g., `\hobx'), type `I' and the correct
spelling (e.g., `I\hbox'). Otherwise just continue,
and I'll forget about whatever was undefined.

! Undefined control sequence.
l.57 ...65 سال):} \checkbox{} دارم \quad \checkbox
                                                  {} ندارم
The control sequence at the end of the top line
of your error message was never \def'ed. If you have
misspelled it (e.g., `\hobx'), type `I' and the correct
spelling (e.g., `I\hbox'). Otherwise just continue,
and I'll forget about whatever was undefined.

! Undefined control sequence.
l.59 ...ت شرکت در برنامه بازتوانی قلبی:} \checkbox
                                                  {} شرکت کرده‌ام \quad \che...
The control sequence at the end of the top line
of your error message was never \def'ed. If you have
misspelled it (e.g., `\hobx'), type `I' and the correct
spelling (e.g., `I\hbox'). Otherwise just continue,
and I'll forget about whatever was undefined.

! Undefined control sequence.
l.59 ...} \checkbox{} شرکت کرده‌ام \quad \checkbox
                                                  {} شرکت نکرده‌ام
The control sequence at the end of the top line
of your error message was never \def'ed. If you have
misspelled it (e.g., `\hobx'), type `I' and the correct
spelling (e.g., `I\hbox'). Otherwise just continue,
and I'll forget about whatever was undefined.

! Undefined control sequence.
l.65 \noindent \checkbox
                        {} اصلاً \quad \checkbox{} کمی \quad \checkbox{} تا ...
The control sequence at the end of the top line
of your error message was never \def'ed. If you have
misspelled it (e.g., `\hobx'), type `I' and the correct
spelling (e.g., `I\hbox'). Otherwise just continue,
and I'll forget about whatever was undefined.

! Undefined control sequence.
l.65 \noindent \checkbox{} اصلاً \quad \checkbox
                                                {} کمی \quad \checkbox{} تا ...
The control sequence at the end of the top line
of your error message was never \def'ed. If you have
misspelled it (e.g., `\hobx'), type `I' and the correct
spelling (e.g., `I\hbox'). Otherwise just continue,
and I'll forget about whatever was undefined.

! Undefined control sequence.
l.65 ...صلاً \quad \checkbox{} کمی \quad \checkbox
                                                  {} تا حدودی \quad \checkbo...
The control sequence at the end of the top line
of your error message was never \def'ed. If you have
misspelled it (e.g., `\hobx'), type `I' and the correct
spelling (e.g., `I\hbox'). Otherwise just continue,
and I'll forget about whatever was undefined.

! Undefined control sequence.
l.65 ...\quad \checkbox{} تا حدودی \quad \checkbox
                                                  {} زیاد \quad \checkbox{} ...
The control sequence at the end of the top line
of your error message was never \def'ed. If you have
misspelled it (e.g., `\hobx'), type `I' and the correct
spelling (e.g., `I\hbox'). Otherwise just continue,
and I'll forget about whatever was undefined.

! Undefined control sequence.
l.65 ...ودی \quad \checkbox{} زیاد \quad \checkbox
                                                  {} کاملاً
The control sequence at the end of the top line
of your error message was never \def'ed. If you have
misspelled it (e.g., `\hobx'), type `I' and the correct
spelling (e.g., `I\hbox'). Otherwise just continue,
and I'll forget about whatever was undefined.


Underfull \hbox (badness 2662) in paragraph at lines 82--83
[][]\TU/IRNazanin-Regular(0)/b/n/14.4 چقدر فکر می‌کنید اقدامات درمانی (دارو/سبک
 زندگی) بیماری شما را بهبود[]
 []

[66]
! Undefined control sequence.
l.105 ... داروهای قلبی خود را مصرف کنید؟ \checkbox
                                                  {} بله \quad \checkbox{} خیر
The control sequence at the end of the top line
of your error message was never \def'ed. If you have
misspelled it (e.g., `\hobx'), type `I' and the correct
spelling (e.g., `I\hbox'). Otherwise just continue,
and I'll forget about whatever was undefined.

! Undefined control sequence.
l.105 ...صرف کنید؟ \checkbox{} بله \quad \checkbox
                                                  {} خیر
The control sequence at the end of the top line
of your error message was never \def'ed. If you have
misspelled it (e.g., `\hobx'), type `I' and the correct
spelling (e.g., `I\hbox'). Otherwise just continue,
and I'll forget about whatever was undefined.

! Undefined control sequence.
l.106 ... داروها سر ساعت کوتاهی می‌کنید؟ \checkbox
                                                  {} بله \quad \checkbox{} خیر
The control sequence at the end of the top line
of your error message was never \def'ed. If you have
misspelled it (e.g., `\hobx'), type `I' and the correct
spelling (e.g., `I\hbox'). Otherwise just continue,
and I'll forget about whatever was undefined.

! Undefined control sequence.
l.106 ... می‌کنید؟ \checkbox{} بله \quad \checkbox
                                                  {} خیر
The control sequence at the end of the top line
of your error message was never \def'ed. If you have
misspelled it (e.g., `\hobx'), type `I' and the correct
spelling (e.g., `I\hbox'). Otherwise just continue,
and I'll forget about whatever was undefined.

! Undefined control sequence.
l.107 ...، آیا مصرف دارو را قطع می‌کنید؟ \checkbox
                                                  {} بله \quad \checkbox{} خیر
The control sequence at the end of the top line
of your error message was never \def'ed. If you have
misspelled it (e.g., `\hobx'), type `I' and the correct
spelling (e.g., `I\hbox'). Otherwise just continue,
and I'll forget about whatever was undefined.

! Undefined control sequence.
l.107 ... می‌کنید؟ \checkbox{} بله \quad \checkbox
                                                  {} خیر
The control sequence at the end of the top line
of your error message was never \def'ed. If you have
misspelled it (e.g., `\hobx'), type `I' and the correct
spelling (e.g., `I\hbox'). Otherwise just continue,
and I'll forget about whatever was undefined.

! Undefined control sequence.
l.108 ...ید، آیا مصرف آن را قطع می‌کنید؟ \checkbox
                                                  {} بله \quad \checkbox{} خیر
The control sequence at the end of the top line
of your error message was never \def'ed. If you have
misspelled it (e.g., `\hobx'), type `I' and the correct
spelling (e.g., `I\hbox'). Otherwise just continue,
and I'll forget about whatever was undefined.

! Undefined control sequence.
l.108 ... می‌کنید؟ \checkbox{} بله \quad \checkbox
                                                  {} خیر
The control sequence at the end of the top line
of your error message was never \def'ed. If you have
misspelled it (e.g., `\hobx'), type `I' and the correct
spelling (e.g., `I\hbox'). Otherwise just continue,
and I'll forget about whatever was undefined.

! Undefined control sequence.
l.117 \noindent \checkbox
                         {} بله \quad \checkbox{} خیر
The control sequence at the end of the top line
of your error message was never \def'ed. If you have
misspelled it (e.g., `\hobx'), type `I' and the correct
spelling (e.g., `I\hbox'). Otherwise just continue,
and I'll forget about whatever was undefined.

! Undefined control sequence.
l.117 \noindent \checkbox{} بله \quad \checkbox
                                               {} خیر
The control sequence at the end of the top line
of your error message was never \def'ed. If you have
misspelled it (e.g., `\hobx'), type `I' and the correct
spelling (e.g., `I\hbox'). Otherwise just continue,
and I'll forget about whatever was undefined.

! Undefined control sequence.
l.124   \checkbox
                 {} خیر، نداشتم \quad \checkbox{} بله، ..... روز در هفته
The control sequence at the end of the top line
of your error message was never \def'ed. If you have
misspelled it (e.g., `\hobx'), type `I' and the correct
spelling (e.g., `I\hbox'). Otherwise just continue,
and I'll forget about whatever was undefined.

! Undefined control sequence.
l.124   \checkbox{} خیر، نداشتم \quad \checkbox
                                               {} بله، ..... روز در هفته
The control sequence at the end of the top line
of your error message was never \def'ed. If you have
misspelled it (e.g., `\hobx'), type `I' and the correct
spelling (e.g., `I\hbox'). Otherwise just continue,
and I'll forget about whatever was undefined.

! Undefined control sequence.
l.130   \checkbox
                 {} خیر، نداشتم \quad \checkbox{} بله، ..... روز در هفته
The control sequence at the end of the top line
of your error message was never \def'ed. If you have
misspelled it (e.g., `\hobx'), type `I' and the correct
spelling (e.g., `I\hbox'). Otherwise just continue,
and I'll forget about whatever was undefined.

! Undefined control sequence.
l.130   \checkbox{} خیر، نداشتم \quad \checkbox
                                               {} بله، ..... روز در هفته
The control sequence at the end of the top line
of your error message was never \def'ed. If you have
misspelled it (e.g., `\hobx'), type `I' and the correct
spelling (e.g., `I\hbox'). Otherwise just continue,
and I'll forget about whatever was undefined.

! Undefined control sequence.
l.136   \checkbox
                 {} خیر، نداشتم \quad \checkbox{} بله، ..... روز در هفته
The control sequence at the end of the top line
of your error message was never \def'ed. If you have
misspelled it (e.g., `\hobx'), type `I' and the correct
spelling (e.g., `I\hbox'). Otherwise just continue,
and I'll forget about whatever was undefined.

! Undefined control sequence.
l.136   \checkbox{} خیر، نداشتم \quad \checkbox
                                               {} بله، ..... روز در هفته
The control sequence at the end of the top line
of your error message was never \def'ed. If you have
misspelled it (e.g., `\hobx'), type `I' and the correct
spelling (e.g., `I\hbox'). Otherwise just continue,
and I'll forget about whatever was undefined.

[67]
! Undefined control sequence.
l.145 ... اصلی پخت‌وپز استفاده می‌کنید؟} \checkbox
                                                  {} بله \quad \checkbox{} خیر
The control sequence at the end of the top line
of your error message was never \def'ed. If you have
misspelled it (e.g., `\hobx'), type `I' and the correct
spelling (e.g., `I\hbox'). Otherwise just continue,
and I'll forget about whatever was undefined.

! Undefined control sequence.
l.145 ...می‌کنید؟} \checkbox{} بله \quad \checkbox
                                                  {} خیر
The control sequence at the end of the top line
of your error message was never \def'ed. If you have
misspelled it (e.g., `\hobx'), type `I' and the correct
spelling (e.g., `I\hbox'). Otherwise just continue,
and I'll forget about whatever was undefined.

! Undefined control sequence.
l.146 ... روغن زیتون/مایع مصرف می‌کنید؟} \checkbox
                                                  {} بله \quad \checkbox{} خیر
The control sequence at the end of the top line
of your error message was never \def'ed. If you have
misspelled it (e.g., `\hobx'), type `I' and the correct
spelling (e.g., `I\hbox'). Otherwise just continue,
and I'll forget about whatever was undefined.

! Undefined control sequence.
l.146 ...می‌کنید؟} \checkbox{} بله \quad \checkbox
                                                  {} خیر
The control sequence at the end of the top line
of your error message was never \def'ed. If you have
misspelled it (e.g., `\hobx'), type `I' and the correct
spelling (e.g., `I\hbox'). Otherwise just continue,
and I'll forget about whatever was undefined.

! Undefined control sequence.
l.147 ... (معادل ۴۰۰ گرم) مصرف می‌کنید؟} \checkbox
                                                  {} بله \quad \checkbox{} خیر
The control sequence at the end of the top line
of your error message was never \def'ed. If you have
misspelled it (e.g., `\hobx'), type `I' and the correct
spelling (e.g., `I\hbox'). Otherwise just continue,
and I'll forget about whatever was undefined.

! Undefined control sequence.
l.147 ...می‌کنید؟} \checkbox{} بله \quad \checkbox
                                                  {} خیر
The control sequence at the end of the top line
of your error message was never \def'ed. If you have
misspelled it (e.g., `\hobx'), type `I' and the correct
spelling (e.g., `I\hbox'). Otherwise just continue,
and I'll forget about whatever was undefined.

! Undefined control sequence.
l.148 ...داقل ۳ واحد میوه مصرف می‌کنید؟} \checkbox
                                                  {} بله \quad \checkbox{} خیر
The control sequence at the end of the top line
of your error message was never \def'ed. If you have
misspelled it (e.g., `\hobx'), type `I' and the correct
spelling (e.g., `I\hbox'). Otherwise just continue,
and I'll forget about whatever was undefined.

! Undefined control sequence.
l.148 ...می‌کنید؟} \checkbox{} بله \quad \checkbox
                                                  {} خیر
The control sequence at the end of the top line
of your error message was never \def'ed. If you have
misspelled it (e.g., `\hobx'), type `I' and the correct
spelling (e.g., `I\hbox'). Otherwise just continue,
and I'll forget about whatever was undefined.

! Undefined control sequence.
l.149 ...باس) کمتر از ۱ بار در روز است؟} \checkbox
                                                  {} بله \quad \checkbox{} خیر
The control sequence at the end of the top line
of your error message was never \def'ed. If you have
misspelled it (e.g., `\hobx'), type `I' and the correct
spelling (e.g., `I\hbox'). Otherwise just continue,
and I'll forget about whatever was undefined.

! Undefined control sequence.
l.149 ...روز است؟} \checkbox{} بله \quad \checkbox
                                                  {} خیر
The control sequence at the end of the top line
of your error message was never \def'ed. If you have
misspelled it (e.g., `\hobx'), type `I' and the correct
spelling (e.g., `I\hbox'). Otherwise just continue,
and I'll forget about whatever was undefined.

! Undefined control sequence.
l.150 ...رین کمتر از ۱ قاشق در روز است؟} \checkbox
                                                  {} بله \quad \checkbox{} خیر
The control sequence at the end of the top line
of your error message was never \def'ed. If you have
misspelled it (e.g., `\hobx'), type `I' and the correct
spelling (e.g., `I\hbox'). Otherwise just continue,
and I'll forget about whatever was undefined.

! Undefined control sequence.
l.150 ...روز است؟} \checkbox{} بله \quad \checkbox
                                                  {} خیر
The control sequence at the end of the top line
of your error message was never \def'ed. If you have
misspelled it (e.g., `\hobx'), type `I' and the correct
spelling (e.g., `I\hbox'). Otherwise just continue,
and I'll forget about whatever was undefined.

! Undefined control sequence.
l.151 ... از ۱ بار در روز مصرف می‌کنید؟} \checkbox
                                                  {} بله \quad \checkbox{} خیر
The control sequence at the end of the top line
of your error message was never \def'ed. If you have
misspelled it (e.g., `\hobx'), type `I' and the correct
spelling (e.g., `I\hbox'). Otherwise just continue,
and I'll forget about whatever was undefined.

! Undefined control sequence.
l.151 ...می‌کنید؟} \checkbox{} بله \quad \checkbox
                                                  {} خیر
The control sequence at the end of the top line
of your error message was never \def'ed. If you have
misspelled it (e.g., `\hobx'), type `I' and the correct
spelling (e.g., `I\hbox'). Otherwise just continue,
and I'll forget about whatever was undefined.

! Undefined control sequence.
l.152 ... یا بیشتر حبوبات مصرف می‌کنید؟} \checkbox
                                                  {} بله \quad \checkbox{} خیر
The control sequence at the end of the top line
of your error message was never \def'ed. If you have
misspelled it (e.g., `\hobx'), type `I' and the correct
spelling (e.g., `I\hbox'). Otherwise just continue,
and I'll forget about whatever was undefined.

! Undefined control sequence.
l.152 ...می‌کنید؟} \checkbox{} بله \quad \checkbox
                                                  {} خیر
The control sequence at the end of the top line
of your error message was never \def'ed. If you have
misspelled it (e.g., `\hobx'), type `I' and the correct
spelling (e.g., `I\hbox'). Otherwise just continue,
and I'll forget about whatever was undefined.

! Undefined control sequence.
l.153 ...یا غذاهای دریایی مصرف می‌کنید؟} \checkbox
                                                  {} بله \quad \checkbox{} خیر
The control sequence at the end of the top line
of your error message was never \def'ed. If you have
misspelled it (e.g., `\hobx'), type `I' and the correct
spelling (e.g., `I\hbox'). Otherwise just continue,
and I'll forget about whatever was undefined.

! Undefined control sequence.
l.153 ...می‌کنید؟} \checkbox{} بله \quad \checkbox
                                                  {} خیر
The control sequence at the end of the top line
of your error message was never \def'ed. If you have
misspelled it (e.g., `\hobx'), type `I' and the correct
spelling (e.g., `I\hbox'). Otherwise just continue,
and I'll forget about whatever was undefined.

! Undefined control sequence.
l.154 ...از ۳ بار در هفته مصرف می‌کنید؟} \checkbox
                                                  {} بله \quad \checkbox{} خیر
The control sequence at the end of the top line
of your error message was never \def'ed. If you have
misspelled it (e.g., `\hobx'), type `I' and the correct
spelling (e.g., `I\hbox'). Otherwise just continue,
and I'll forget about whatever was undefined.

! Undefined control sequence.
l.154 ...می‌کنید؟} \checkbox{} بله \quad \checkbox
                                                  {} خیر
The control sequence at the end of the top line
of your error message was never \def'ed. If you have
misspelled it (e.g., `\hobx'), type `I' and the correct
spelling (e.g., `I\hbox'). Otherwise just continue,
and I'll forget about whatever was undefined.

! Undefined control sequence.
l.155 ...شتر آجیل/مغزیجات مصرف می‌کنید؟} \checkbox
                                                  {} بله \quad \checkbox{} خیر
The control sequence at the end of the top line
of your error message was never \def'ed. If you have
misspelled it (e.g., `\hobx'), type `I' and the correct
spelling (e.g., `I\hbox'). Otherwise just continue,
and I'll forget about whatever was undefined.

! Undefined control sequence.
l.155 ...می‌کنید؟} \checkbox{} بله \quad \checkbox
                                                  {} خیر
The control sequence at the end of the top line
of your error message was never \def'ed. If you have
misspelled it (e.g., `\hobx'), type `I' and the correct
spelling (e.g., `I\hbox'). Otherwise just continue,
and I'll forget about whatever was undefined.

! Undefined control sequence.
l.156 ...جای گوشت قرمز استفاده می‌کنید؟} \checkbox
                                                  {} بله \quad \checkbox{} خیر
The control sequence at the end of the top line
of your error message was never \def'ed. If you have
misspelled it (e.g., `\hobx'), type `I' and the correct
spelling (e.g., `I\hbox'). Otherwise just continue,
and I'll forget about whatever was undefined.

! Undefined control sequence.
l.156 ...می‌کنید؟} \checkbox{} بله \quad \checkbox
                                                  {} خیر
The control sequence at the end of the top line
of your error message was never \def'ed. If you have
misspelled it (e.g., `\hobx'), type `I' and the correct
spelling (e.g., `I\hbox'). Otherwise just continue,
and I'll forget about whatever was undefined.

! Undefined control sequence.
l.157 ... خورش‌های گیاهی) مصرف می‌کنید؟} \checkbox
                                                  {} بله \quad \checkbox{} خیر
The control sequence at the end of the top line
of your error message was never \def'ed. If you have
misspelled it (e.g., `\hobx'), type `I' and the correct
spelling (e.g., `I\hbox'). Otherwise just continue,
and I'll forget about whatever was undefined.

! Undefined control sequence.
l.157 ...می‌کنید؟} \checkbox{} بله \quad \checkbox
                                                  {} خیر
The control sequence at the end of the top line
of your error message was never \def'ed. If you have
misspelled it (e.g., `\hobx'), type `I' and the correct
spelling (e.g., `I\hbox'). Otherwise just continue,
and I'll forget about whatever was undefined.

[68]
! Undefined control sequence.
l.166   اصلاً \checkbox
                       {} / چندین روز \checkbox{} / بیش از نیمی از روزها \ch...
The control sequence at the end of the top line
of your error message was never \def'ed. If you have
misspelled it (e.g., `\hobx'), type `I' and the correct
spelling (e.g., `I\hbox'). Otherwise just continue,
and I'll forget about whatever was undefined.

! Undefined control sequence.
l.166   اصلاً \checkbox{} / چندین روز \checkbox
                                               {} / بیش از نیمی از روزها \ch...
The control sequence at the end of the top line
of your error message was never \def'ed. If you have
misspelled it (e.g., `\hobx'), type `I' and the correct
spelling (e.g., `I\hbox'). Otherwise just continue,
and I'll forget about whatever was undefined.

! Undefined control sequence.
l.166 ...eckbox{} / بیش از نیمی از روزها \checkbox
                                                  {} / تقریباً هر روز \check...
The control sequence at the end of the top line
of your error message was never \def'ed. If you have
misspelled it (e.g., `\hobx'), type `I' and the correct
spelling (e.g., `I\hbox'). Otherwise just continue,
and I'll forget about whatever was undefined.

! Undefined control sequence.
l.166 ...ها \checkbox{} / تقریباً هر روز \checkbox
                                                  {}
The control sequence at the end of the top line
of your error message was never \def'ed. If you have
misspelled it (e.g., `\hobx'), type `I' and the correct
spelling (e.g., `I\hbox'). Otherwise just continue,
and I'll forget about whatever was undefined.

! Undefined control sequence.
l.170   اصلاً \checkbox
                       {} / چندین روز \checkbox{} / بیش از نیمی از روزها \ch...
The control sequence at the end of the top line
of your error message was never \def'ed. If you have
misspelled it (e.g., `\hobx'), type `I' and the correct
spelling (e.g., `I\hbox'). Otherwise just continue,
and I'll forget about whatever was undefined.

! Undefined control sequence.
l.170   اصلاً \checkbox{} / چندین روز \checkbox
                                               {} / بیش از نیمی از روزها \ch...
The control sequence at the end of the top line
of your error message was never \def'ed. If you have
misspelled it (e.g., `\hobx'), type `I' and the correct
spelling (e.g., `I\hbox'). Otherwise just continue,
and I'll forget about whatever was undefined.

! Undefined control sequence.
l.170 ...eckbox{} / بیش از نیمی از روزها \checkbox
                                                  {} / تقریباً هر روز \check...
The control sequence at the end of the top line
of your error message was never \def'ed. If you have
misspelled it (e.g., `\hobx'), type `I' and the correct
spelling (e.g., `I\hbox'). Otherwise just continue,
and I'll forget about whatever was undefined.

! Undefined control sequence.
l.170 ...ها \checkbox{} / تقریباً هر روز \checkbox
                                                  {}
The control sequence at the end of the top line
of your error message was never \def'ed. If you have
misspelled it (e.g., `\hobx'), type `I' and the correct
spelling (e.g., `I\hbox'). Otherwise just continue,
and I'll forget about whatever was undefined.

! Undefined control sequence.
l.174   اصلاً \checkbox
                       {} / چندین روز \checkbox{} / بیش از نیمی از روزها \ch...
The control sequence at the end of the top line
of your error message was never \def'ed. If you have
misspelled it (e.g., `\hobx'), type `I' and the correct
spelling (e.g., `I\hbox'). Otherwise just continue,
and I'll forget about whatever was undefined.

! Undefined control sequence.
l.174   اصلاً \checkbox{} / چندین روز \checkbox
                                               {} / بیش از نیمی از روزها \ch...
The control sequence at the end of the top line
of your error message was never \def'ed. If you have
misspelled it (e.g., `\hobx'), type `I' and the correct
spelling (e.g., `I\hbox'). Otherwise just continue,
and I'll forget about whatever was undefined.

! Undefined control sequence.
l.174 ...eckbox{} / بیش از نیمی از روزها \checkbox
                                                  {} / تقریباً هر روز \check...
The control sequence at the end of the top line
of your error message was never \def'ed. If you have
misspelled it (e.g., `\hobx'), type `I' and the correct
spelling (e.g., `I\hbox'). Otherwise just continue,
and I'll forget about whatever was undefined.

! Undefined control sequence.
l.174 ...ها \checkbox{} / تقریباً هر روز \checkbox
                                                  {}
The control sequence at the end of the top line
of your error message was never \def'ed. If you have
misspelled it (e.g., `\hobx'), type `I' and the correct
spelling (e.g., `I\hbox'). Otherwise just continue,
and I'll forget about whatever was undefined.

! Undefined control sequence.
l.178   اصلاً \checkbox
                       {} / چندین روز \checkbox{} / بیش از نیمی از روزها \ch...
The control sequence at the end of the top line
of your error message was never \def'ed. If you have
misspelled it (e.g., `\hobx'), type `I' and the correct
spelling (e.g., `I\hbox'). Otherwise just continue,
and I'll forget about whatever was undefined.

! Undefined control sequence.
l.178   اصلاً \checkbox{} / چندین روز \checkbox
                                               {} / بیش از نیمی از روزها \ch...
The control sequence at the end of the top line
of your error message was never \def'ed. If you have
misspelled it (e.g., `\hobx'), type `I' and the correct
spelling (e.g., `I\hbox'). Otherwise just continue,
and I'll forget about whatever was undefined.

! Undefined control sequence.
l.178 ...eckbox{} / بیش از نیمی از روزها \checkbox
                                                  {} / تقریباً هر روز \check...
The control sequence at the end of the top line
of your error message was never \def'ed. If you have
misspelled it (e.g., `\hobx'), type `I' and the correct
spelling (e.g., `I\hbox'). Otherwise just continue,
and I'll forget about whatever was undefined.

! Undefined control sequence.
l.178 ...ها \checkbox{} / تقریباً هر روز \checkbox
                                                  {}
The control sequence at the end of the top line
of your error message was never \def'ed. If you have
misspelled it (e.g., `\hobx'), type `I' and the correct
spelling (e.g., `I\hbox'). Otherwise just continue,
and I'll forget about whatever was undefined.

) [69] [70

] (./backmatter/declaration-en.tex [71

])
(./backmatter/abstract-en.tex [72


]
Underfull \vbox (badness 1789) has occurred while \output is active []

 [73]
Underfull \hbox (badness 1668) in paragraph at lines 22--24
[]\TU/lmroman10-regular(0)/b/n/14.4 Conclusion: \TU/lmroman10-regular(0)/m/n/14
.4 Complete adherence to the recommended non-[]
 []

[74]) (./backmatter/title-en.tex
File: figures/LUMS.jpg Graphic file (type bmp)
<figures/LUMS.jpg>
 [75

]) [76

] (./backmatter/cover-en.tex
File: figures/LUMS.jpg Graphic file (type bmp)
<figures/LUMS.jpg>
 [77

])
(./main.aux)

LaTeX Warning: There were undefined references.


LaTeX Warning: Label(s) may have changed. Rerun to get cross-references right.

Package rerunfilecheck Info: File `main.out' has not changed.
(rerunfilecheck)             Checksum: AF2E41E89CE65C24958A648A9A22EDCA;10351.

Package biblatex Warning: Please (re)run Biber on the file:
(biblatex)                main
(biblatex)                and rerun LaTeX afterwards.

Package logreq Info: Writing requests to 'main.run.xml'.
\openout1 = `main.run.xml'.

 ) 
Here is how much of TeX's memory you used:
 52528 strings out of 476179
 1202859 string characters out of 5813072
 2206355 words of memory out of 5000000
 72181 multiletter control sequences out of 15000+600000
 480604 words of font info for 198 fonts, out of 8000000 for 9000
 1348 hyphenation exceptions out of 8191
 98i,19n,147p,2247b,5129s stack positions out of 10000i,1000n,20000p,200000b,200000s

Output written on main.pdf (93 pages).
